config_id,scaling,n_bins,n_pc,hidden,alpha,balance,precision_macro,precision_macro_std,recall_macro,recall_macro_std,f1_macro,f1_macro_std,f1_weighted,f1_weighted_std,accuracy,accuracy_std
0,center,4,10,"(64,)",0.001,False,0.33847636009423604,0.0399424802193397,0.34031135531135526,0.04085058807035246,0.3365679388930786,0.03965765537919193,0.4174390308903508,0.04162096105620245,0.4305555555555555,0.043744488188954496
1,center,4,10,"(64,)",0.001,True,0.34243801225123754,0.04414841527114051,0.3369413919413919,0.0417576714182502,0.3370965749644543,0.042613465104884875,0.41609941112558674,0.03746928670692316,0.4222222222222222,0.038689967436622535
2,center,4,10,"(64,)",0.01,False,0.3438302843073288,0.056689130781334245,0.33994505494505506,0.05100866426848737,0.33814890319934693,0.05203979244477877,0.4181101944370211,0.049541824652359054,0.4305555555555556,0.050154083570188294
3,center,4,10,"(64,)",0.01,True,0.3401616540640931,0.05337319061982949,0.3351465201465202,0.04692308407179548,0.3345007711452797,0.048967947710419346,0.41686323257534447,0.04175512389152201,0.425,0.042491829279939865
4,center,4,10,"(64,)",0.1,False,0.35502866638829284,0.04660863533744256,0.35113553113553114,0.04242665196870409,0.3502914314919871,0.04383121116233628,0.428862186665045,0.04585341657474603,0.4388888888888889,0.04530418452861137
5,center,4,10,"(64,)",0.1,True,0.3467135391499688,0.04633414811314025,0.3402747252747253,0.04193218543483205,0.34042908242048514,0.043388275326130966,0.4202851506874885,0.03432769969519444,0.42777777777777776,0.03356401659331824
6,center,4,10,"(128, 64)",0.001,False,0.34676484471698216,0.02156641763019254,0.33705128205128204,0.02376805348716464,0.3383897149441899,0.02372789852405375,0.42049230048888925,0.026499386744692124,0.43333333333333335,0.024532669073132916
7,center,4,10,"(128, 64)",0.001,True,0.35395659433587284,0.04213667229449557,0.34384615384615386,0.040302587946405094,0.3465511993224881,0.041293157836243925,0.42992117045785944,0.04419096436965811,0.43888888888888894,0.043744488188954496
8,center,4,10,"(128, 64)",0.01,False,0.35191765486979226,0.02902904819857288,0.34217948717948715,0.030937736310574643,0.34324241779689285,0.03079573179797836,0.4231315316281204,0.030237284739473597,0.4361111111111111,0.028327886186626575
9,center,4,10,"(128, 64)",0.01,True,0.3489802142582729,0.04566886768537664,0.34230769230769226,0.04856908734184718,0.34417171963396687,0.047962624060820185,0.4241261666332936,0.05167180808828997,0.4305555555555556,0.04922234762963708
10,center,4,10,"(128, 64)",0.1,False,0.37680956281742106,0.026845877637573703,0.366025641025641,0.02853619740113877,0.36857330360448964,0.028197357317730345,0.4426407531275125,0.028860258162038983,0.4527777777777778,0.027498597046143495
11,center,4,10,"(128, 64)",0.1,True,0.35043901656308335,0.036717165866042185,0.34384615384615386,0.037069063179348966,0.3454687571795547,0.037387916138464254,0.43171099393551166,0.03996990116212662,0.4388888888888889,0.038689967436622535
12,center,4,20,"(64,)",0.001,False,0.5025721908282383,0.010526707022758524,0.4567032967032967,0.02304030759912656,0.4704954733912023,0.019839354072739093,0.5326785788602408,0.017249813187655904,0.5416666666666666,0.011785113019775802
13,center,4,20,"(64,)",0.001,True,0.4907081007655751,0.032027297439305366,0.47304029304029305,0.03602961200928387,0.4780536040121919,0.032584022158906156,0.5296098722703206,0.0323812922417337,0.5361111111111111,0.03356401659331827
14,center,4,20,"(64,)",0.01,False,0.5025721908282383,0.010526707022758524,0.4567032967032967,0.02304030759912656,0.4704954733912023,0.019839354072739093,0.5326785788602408,0.017249813187655904,0.5416666666666666,0.011785113019775802
15,center,4,20,"(64,)",0.01,True,0.4907081007655751,0.032027297439305366,0.47304029304029305,0.03602961200928387,0.4780536040121919,0.032584022158906156,0.5296098722703206,0.0323812922417337,0.5361111111111111,0.03356401659331827
16,center,4,20,"(64,)",0.1,False,0.5015741460818846,0.013223923169676136,0.4567032967032967,0.027061429668950754,0.4708530932622144,0.02337025124944721,0.5334049138911303,0.021611127963428747,0.5416666666666666,0.018002057495577376
17,center,4,20,"(64,)",0.1,True,0.4952100956752119,0.031291304231760346,0.4763736263736264,0.03376408274216665,0.48235127294056795,0.031389663100199625,0.5355963956063318,0.029102687114541833,0.5416666666666666,0.029658550700086973
18,center,4,20,"(128, 64)",0.001,False,0.52080166210601,0.029852423017615606,0.49864468864468864,0.022238218625044808,0.5045481581483382,0.025090048807714427,0.5709242883605787,0.02836024877373653,0.5833333333333334,0.029658550700086973
19,center,4,20,"(128, 64)",0.001,True,0.5312297832886068,0.02662317669102741,0.5253479853479853,0.026461100864874576,0.5235359292219971,0.02340215322760904,0.5853859689931836,0.02908820834323721,0.5944444444444444,0.032155102507750596
20,center,4,20,"(128, 64)",0.01,False,0.5251994301994303,0.033670459436373236,0.5054395604395604,0.029766632478823152,0.5105415221107539,0.03162825435720089,0.5767213782353152,0.03353092151923593,0.5888888888888889,0.03356401659331827
21,center,4,20,"(128, 64)",0.01,True,0.5312297832886068,0.02662317669102741,0.5253479853479853,0.026461100864874576,0.5235359292219971,0.02340215322760904,0.5853859689931836,0.02908820834323721,0.5944444444444444,0.032155102507750596
22,center,4,20,"(128, 64)",0.1,False,0.5135224097660286,0.003654300846153278,0.49697802197802193,0.010639496652711796,0.5004037784618015,0.007020432242941948,0.5700557202357587,0.015220974404103544,0.5805555555555556,0.014163943093313291
23,center,4,20,"(128, 64)",0.1,True,0.5261109450118738,0.027802580912692505,0.5203479853479854,0.028497273920251198,0.5186431953620319,0.024985361153675292,0.5772356860641816,0.031225623417814184,0.5861111111111111,0.034246744460938776
24,center,4,30,"(64,)",0.001,False,0.5137479120332687,0.018516239976837708,0.500934065934066,0.015202281632164711,0.5026444390297892,0.015471804086129064,0.5649127135187322,0.012055613956245222,0.5750000000000001,0.011785113019775802
25,center,4,30,"(64,)",0.001,True,0.5028139683557641,0.027927729995455862,0.5077472527472527,0.021061522522134276,0.5022952267965056,0.025197524453818478,0.5572604525814244,0.016661834756350684,0.5638888888888889,0.01571348402636772
26,center,4,30,"(64,)",0.01,False,0.5137479120332687,0.018516239976837708,0.500934065934066,0.015202281632164711,0.5026444390297892,0.015471804086129064,0.5649127135187322,0.012055613956245222,0.5750000000000001,0.011785113019775802
27,center,4,30,"(64,)",0.01,True,0.5028139683557641,0.027927729995455862,0.5077472527472527,0.021061522522134276,0.5022952267965056,0.025197524453818478,0.5572604525814244,0.016661834756350684,0.5638888888888889,0.01571348402636772
28,center,4,30,"(64,)",0.1,False,0.5123335743384433,0.022332616051751793,0.5043956043956044,0.023375402699301384,0.5040364649401307,0.022619275472750833,0.5650404490103268,0.0175889032189118,0.5750000000000001,0.018002057495577376
29,center,4,30,"(64,)",0.1,True,0.5074370027001606,0.031140809959288696,0.5108424908424908,0.02310661500507115,0.5061943870729947,0.028708654732042,0.5578399739134833,0.019333985785733938,0.5638888888888889,0.01712337223046941
30,center,4,30,"(128, 64)",0.001,False,0.5756063430025548,0.004881216910042208,0.545970695970696,0.008091342108585498,0.5550780067202342,0.007691588302469419,0.6087809689383047,0.018410502815700884,0.6166666666666667,0.018002057495577428
31,center,4,30,"(128, 64)",0.001,True,0.5661701907658262,0.013740286476559276,0.5563553113553114,0.012488398458969305,0.5560149275119438,0.011079969170927904,0.6085188538109823,0.01581955548865413,0.6166666666666667,0.018002057495577376
32,center,4,30,"(128, 64)",0.01,False,0.5773344623653877,0.011241450938718712,0.5459706959706959,0.00542248278127366,0.5546176378292976,0.005564206926868476,0.608441121130844,0.013014791096189542,0.6166666666666667,0.01360827634879543
33,center,4,30,"(128, 64)",0.01,True,0.5678577429796942,0.012330693293407281,0.5563553113553114,0.012488398458969305,0.5570396411948852,0.010227834960955919,0.6084409956635038,0.01592858952296758,0.6166666666666667,0.018002057495577376
34,center,4,30,"(128, 64)",0.1,False,0.54703699094665,0.013655253637640419,0.5186630036630037,0.017370073831342144,0.5241327076832514,0.014116689301827447,0.5886880133628327,0.0021352361439816903,0.6,0.006804138174397693
35,center,4,30,"(128, 64)",0.1,True,0.5661701907658262,0.013740286476559276,0.5563553113553114,0.012488398458969305,0.5560149275119438,0.011079969170927904,0.6085188538109823,0.01581955548865413,0.6166666666666667,0.018002057495577376
36,center,4,50,"(64,)",0.001,False,0.5492413772750241,0.04382372020272642,0.5065018315018315,0.03771441628149793,0.5199011839180699,0.040556379764033416,0.5754564245425389,0.03781485701599474,0.5861111111111111,0.034916125249934794
37,center,4,50,"(64,)",0.001,True,0.5537764257190714,0.019582632424250693,0.5000732600732601,0.015181835598388095,0.512976988544321,0.014967966012474174,0.5699748115435542,0.025208733970315745,0.5805555555555556,0.027498597046143512
38,center,4,50,"(64,)",0.01,False,0.5492413772750241,0.04382372020272642,0.5065018315018315,0.03771441628149793,0.5199011839180699,0.040556379764033416,0.5754564245425389,0.03781485701599474,0.5861111111111111,0.034916125249934794
39,center,4,50,"(64,)",0.01,True,0.5537764257190714,0.019582632424250693,0.5000732600732601,0.015181835598388095,0.512976988544321,0.014967966012474174,0.5699748115435542,0.025208733970315745,0.5805555555555556,0.027498597046143512
40,center,4,50,"(64,)",0.1,False,0.5384339498718519,0.03316124726582608,0.5021062271062271,0.03096816685691791,0.5117269862452624,0.034839398668495156,0.5707686522970148,0.033244316924209975,0.5833333333333334,0.029658550700086973
41,center,4,50,"(64,)",0.1,True,0.5565558153601632,0.02273237809626971,0.5000732600732601,0.015181835598388095,0.5139212134015894,0.014140351268177219,0.5699180848563926,0.025229350529549128,0.5805555555555556,0.027498597046143512
42,center,4,50,"(128, 64)",0.001,False,0.5540023391242904,0.018080679827975614,0.49745421245421245,0.011731108790011659,0.5103283330208973,0.013539221911443928,0.5748147886755842,0.008792217489434193,0.5916666666666667,0.011785113019775802
43,center,4,50,"(128, 64)",0.001,True,0.5605061115355233,0.030778076145089463,0.5080402930402931,0.007782870005217925,0.5218527109431191,0.011291781029596276,0.5837160277435197,0.0179638411055464,0.5944444444444444,0.02187224409447726
44,center,4,50,"(128, 64)",0.01,False,0.5610305174562069,0.012895529662804555,0.5024542124542125,0.011470612773480465,0.5160463132705025,0.012051795687099215,0.5825947557582595,0.006031918795178678,0.6,0.006804138174397693
45,center,4,50,"(128, 64)",0.01,True,0.5605061115355233,0.030778076145089463,0.5080402930402931,0.007782870005217925,0.5218527109431191,0.011291781029596276,0.5837160277435197,0.0179638411055464,0.5944444444444444,0.02187224409447726
46,center,4,50,"(128, 64)",0.1,False,0.552089522677758,0.007448687250769852,0.5091391941391941,0.005689282671215397,0.5215404745241936,0.004820357642712384,0.5814923325847628,0.010138600993366357,0.5944444444444444,0.01039349274103869
47,center,4,50,"(128, 64)",0.1,True,0.5737297702297702,0.03323637473493821,0.5181684981684981,0.014819034327343578,0.5337335590584088,0.017265744034468528,0.5942879662798657,0.021924022772802042,0.6055555555555555,0.023895347964007302
48,center,8,10,"(64,)",0.001,False,0.35602756573118094,0.022863146458672063,0.34324175824175823,0.031734879932896434,0.3457988102199457,0.030265485727528203,0.42475350228872816,0.02856898092783616,0.43333333333333335,0.024532669073132892
49,center,8,10,"(64,)",0.001,True,0.3302480714353419,0.030980660117526985,0.3291025641025641,0.02962981677654719,0.32839289654321197,0.029999979697964085,0.39733343908396485,0.02834547174734047,0.40277777777777773,0.02749859704614353
50,center,8,10,"(64,)",0.01,False,0.35602756573118094,0.022863146458672063,0.34324175824175823,0.031734879932896434,0.3457988102199457,0.030265485727528203,0.42475350228872816,0.02856898092783616,0.43333333333333335,0.024532669073132892
51,center,8,10,"(64,)",0.01,True,0.33152831573884206,0.0316043006986139,0.3291025641025641,0.02962981677654719,0.32888017900639804,0.030194802949892408,0.39714557652260823,0.028309812169209116,0.40277777777777773,0.02749859704614353
52,center,8,10,"(64,)",0.1,False,0.3523476804811487,0.02129882175181754,0.335018315018315,0.028909465958764407,0.33809088070224624,0.02801376686662268,0.42037200569414535,0.025406585871566134,0.4305555555555556,0.019641855032959635
53,center,8,10,"(64,)",0.1,True,0.32951403951403946,0.029514430795422403,0.3307692307692307,0.02907027879754205,0.32895730498313,0.02883931950748265,0.3999749745180161,0.02818471217768003,0.4055555555555556,0.02749859704614351
54,center,8,10,"(128, 64)",0.001,False,0.3136898870541501,0.040109604015756604,0.3047435897435897,0.03191105904220056,0.3053778800352219,0.03524982217694949,0.3959916588118663,0.03267179518274167,0.4083333333333334,0.029658550700086973
55,center,8,10,"(128, 64)",0.001,True,0.36526168156005107,0.03372790959461488,0.3568315018315018,0.03744432820488408,0.35769725392225954,0.03730754466386582,0.43635831715361634,0.03615273143502614,0.4444444444444444,0.03356401659331824
56,center,8,10,"(128, 64)",0.01,False,0.3136898870541501,0.040109604015756604,0.3047435897435897,0.03191105904220056,0.3053778800352219,0.03524982217694949,0.3959916588118663,0.03267179518274167,0.4083333333333334,0.029658550700086973
57,center,8,10,"(128, 64)",0.01,True,0.35940309570146517,0.02582681363516621,0.3517032967032967,0.030839238776458108,0.3523639205889262,0.03044418030538071,0.43344165048694966,0.03204891727722936,0.44166666666666665,0.029658550700086977
58,center,8,10,"(128, 64)",0.1,False,0.3215340556697927,0.03319587278933377,0.31166666666666665,0.03408260059432106,0.3130607674247934,0.033755804126457546,0.3965027006649662,0.0392315449371693,0.4083333333333334,0.041387956738198166
59,center,8,10,"(128, 64)",0.1,True,0.3576936745805727,0.033556018563702064,0.35016483516483515,0.03932817449796866,0.3510359540535715,0.038488514716995194,0.4266077990574515,0.03812613484526482,0.4333333333333333,0.03535533905932738
60,center,8,20,"(64,)",0.001,False,0.5121709952259483,0.03283262597539177,0.4822893772893773,0.02478427365999714,0.4906365456180402,0.029089695518892317,0.5590175103755569,0.02014390472980265,0.5694444444444444,0.01571348402636772
61,center,8,20,"(64,)",0.001,True,0.5107612385513689,0.017398184791879226,0.4978021978021978,0.01051620218485292,0.5003413524369054,0.0101732713730974,0.5676029591119142,0.007054441079556218,0.5722222222222222,0.01039349274103873
62,center,8,20,"(64,)",0.01,False,0.5121709952259483,0.03283262597539177,0.4822893772893773,0.02478427365999714,0.4906365456180402,0.029089695518892317,0.5590175103755569,0.02014390472980265,0.5694444444444444,0.01571348402636772
63,center,8,20,"(64,)",0.01,True,0.5107612385513689,0.017398184791879226,0.4978021978021978,0.01051620218485292,0.5003413524369054,0.0101732713730974,0.5676029591119142,0.007054441079556218,0.5722222222222222,0.01039349274103873
64,center,8,20,"(64,)",0.1,False,0.5225352651024134,0.029365688680389475,0.49087912087912083,0.0148467598155181,0.500536604406988,0.021282737116878225,0.5631961797857078,0.01306381479701957,0.5722222222222222,0.01039349274103873
65,center,8,20,"(64,)",0.1,True,0.5163402848280897,0.013188917004941954,0.5029304029304029,0.0067802187907535375,0.5057329136843941,0.006068880200229421,0.5699465212665799,0.003171647032901658,0.575,0.006804138174397738
66,center,8,20,"(128, 64)",0.001,False,0.5117400339766712,0.03756229755075333,0.4783882783882784,0.0393435582590976,0.4885645187855336,0.03936918601490923,0.5516303164503652,0.038289076346630806,0.5611111111111111,0.039283710065919325
67,center,8,20,"(128, 64)",0.001,True,0.4930097074833917,0.033165765214925036,0.48007326007326007,0.03416599782569356,0.4831173608303838,0.033551321485777975,0.5428508486484156,0.03346277608567402,0.5472222222222222,0.034246744460938776
68,center,8,20,"(128, 64)",0.01,False,0.5020567444341727,0.044518307031782764,0.47362637362637366,0.041940128266069486,0.4825368848750002,0.043013888838667975,0.5481656315045192,0.04065230423423662,0.5583333333333333,0.04138795673819817
69,center,8,20,"(128, 64)",0.01,True,0.4930097074833917,0.033165765214925036,0.48007326007326007,0.03416599782569356,0.4831173608303838,0.033551321485777975,0.5428508486484156,0.03346277608567402,0.5472222222222222,0.034246744460938776
70,center,8,20,"(128, 64)",0.1,False,0.5149724788224381,0.020307627216356403,0.48708791208791213,0.023040569656556188,0.49611171616894884,0.0214167756909116,0.5651657720075366,0.024310776515755524,0.5750000000000001,0.024532669073132923
71,center,8,20,"(128, 64)",0.1,True,0.49837229767435715,0.03523137359628234,0.4834065934065935,0.03492589955789761,0.48741418305698264,0.035308968491811185,0.5478992085797366,0.03472352330648101,0.5527777777777777,0.034916125249934794
72,center,8,30,"(64,)",0.001,False,0.54786076326774,0.02530297012171548,0.5321428571428571,0.019944827898081077,0.5352483935995728,0.023438450487534155,0.5940652187554649,0.022282106836968105,0.6,0.02453266907313291
73,center,8,30,"(64,)",0.001,True,0.5448577195554926,0.027149426394023454,0.5503846153846154,0.018260504952994822,0.5437933829088452,0.022488175783022448,0.5994508121432492,0.020626008242360452,0.6027777777777777,0.023895347964007302
74,center,8,30,"(64,)",0.01,False,0.54786076326774,0.02530297012171548,0.5321428571428571,0.019944827898081077,0.5352483935995728,0.023438450487534155,0.5940652187554649,0.022282106836968105,0.6,0.02453266907313291
75,center,8,30,"(64,)",0.01,True,0.5530411917025643,0.030318651911388512,0.5568131868131868,0.02169752322706691,0.5511473154657374,0.025183808181194478,0.6054172429479461,0.02319936021803334,0.6083333333333333,0.027216552697590907
76,center,8,30,"(64,)",0.1,False,0.5418729787364177,0.023634592741459213,0.5304761904761904,0.011378565342430843,0.5317427464726381,0.017779152887345107,0.5907269262006586,0.01872733190490732,0.5972222222222222,0.020786985482077466
77,center,8,30,"(64,)",0.1,True,0.5545523820372841,0.030389499480267264,0.5584798534798535,0.022685159422473792,0.552898294025741,0.025617051154313064,0.608335540547952,0.023528647911144222,0.6111111111111112,0.027498597046143554
78,center,8,30,"(128, 64)",0.001,False,0.5516006021603674,0.041387967286476,0.5092673992673993,0.035275048591323896,0.5228207272706346,0.037120038078839644,0.5801237991924851,0.03978276974404128,0.5888888888888889,0.03868996743662257
79,center,8,30,"(128, 64)",0.001,True,0.5465038448419755,0.04777227277906058,0.5154578754578755,0.04339190026584671,0.5226003762578754,0.045569684489492675,0.5808678046188088,0.049932696920372416,0.5888888888888889,0.051068823085695096
80,center,8,30,"(128, 64)",0.01,False,0.5480320699788784,0.056829103875623475,0.5092673992673992,0.04669009365913621,0.5216154434160432,0.05084861106775151,0.5793961793754397,0.04900310826527667,0.5888888888888889,0.04530418452861139
81,center,8,30,"(128, 64)",0.01,True,0.5522974956356261,0.040895027444205194,0.5205860805860807,0.03656210734327414,0.5284043790183999,0.037898537097176964,0.5840418326841412,0.045885617551573936,0.5916666666666667,0.04762896722078403
82,center,8,30,"(128, 64)",0.1,False,0.6114778752136496,0.04523906989055186,0.5836080586080586,0.048159841281169756,0.5915275578914174,0.0474313148115312,0.6400419427337493,0.034604892954727164,0.6472222222222223,0.030681558381075755
83,center,8,30,"(128, 64)",0.1,True,0.536408820931162,0.04763666801091074,0.5086630036630037,0.040507347165195356,0.5151925503888244,0.04201690445605147,0.5749941977379879,0.046734598603136314,0.5833333333333334,0.04762896722078403
84,center,8,50,"(64,)",0.001,False,0.5482249180991722,0.022727332057721053,0.4992307692307692,0.03219602065355912,0.5145466899293799,0.03186354512990376,0.5625475809357791,0.018032406817641063,0.5694444444444445,0.01571348402636772
85,center,8,50,"(64,)",0.001,True,0.5560722328113632,0.01597997136568968,0.5295238095238095,0.003341073009539956,0.5383769330673566,0.007581528742744133,0.5717417296702133,0.012978403688699751,0.575,0.01360827634879543
86,center,8,50,"(64,)",0.01,False,0.5482249180991722,0.022727332057721053,0.4992307692307692,0.03219602065355912,0.5145466899293799,0.03186354512990376,0.5625475809357791,0.018032406817641063,0.5694444444444445,0.01571348402636772
87,center,8,50,"(64,)",0.01,True,0.5560722328113632,0.01597997136568968,0.5295238095238095,0.003341073009539956,0.5383769330673566,0.007581528742744133,0.5717417296702133,0.012978403688699751,0.575,0.01360827634879543
88,center,8,50,"(64,)",0.1,False,0.5616609478757816,0.02084379943981596,0.5177106227106227,0.007362409560377954,0.5312804297649295,0.009235503371496994,0.5722291701203845,0.02229078255118361,0.5777777777777778,0.025760051376376967
89,center,8,50,"(64,)",0.1,True,0.5548509305287401,0.016158713657428547,0.5278571428571429,0.004834540419221711,0.5367131518583391,0.008446865051732743,0.5689687609885176,0.01328714954293205,0.5722222222222222,0.014163943093313291
90,center,8,50,"(128, 64)",0.001,False,0.5638803403939702,0.05130092823161479,0.5214102564102564,0.024902754687510183,0.534874170695309,0.030716186896737233,0.5777235364254335,0.02766717961226837,0.5833333333333334,0.029658550700086973
91,center,8,50,"(128, 64)",0.001,True,0.5603940021331325,0.018768955477689964,0.5252380952380952,0.009562158631742803,0.536301523927541,0.005999275670013685,0.5771473012727887,0.012080175156515115,0.5833333333333334,0.01360827634879543
92,center,8,50,"(128, 64)",0.01,False,0.5632750321043004,0.05503930774810166,0.5230769230769231,0.02724757720072709,0.535636774747886,0.033653556273247925,0.5805098961395257,0.03139441711680333,0.5861111111111111,0.03356401659331824
93,center,8,50,"(128, 64)",0.01,True,0.5661686077669472,0.016243722934983607,0.5303663003663003,0.014924458802303914,0.5408987460598366,0.007071177283591789,0.5797311232991245,0.009738811361703273,0.5861111111111111,0.01039349274103873
94,center,8,50,"(128, 64)",0.1,False,0.5595045205149735,0.058476079662920045,0.5246336996336997,0.04162917042460225,0.5342020014481054,0.045071717922248136,0.5746803266996953,0.03717551862921828,0.5777777777777778,0.037474271008977864
95,center,8,50,"(128, 64)",0.1,True,0.5680882878797747,0.03894093207641738,0.5303663003663003,0.006814417550031452,0.5412337336320171,0.013077616281276318,0.5805329946955925,0.013115971699465512,0.5861111111111111,0.01712337223046936
96,center,12,10,"(64,)",0.001,False,0.3285149912294795,0.012850992272470468,0.3127655677655678,0.008237157853235607,0.3140735312957267,0.006418852982974423,0.3996415516785439,0.015868791622960142,0.4083333333333334,0.020412414523193145
97,center,12,10,"(64,)",0.001,True,0.3469827768612935,0.012432281991453473,0.32778388278388276,0.006862830676961397,0.3308023859658839,0.005388310800770669,0.4085309345328996,0.006224124032066546,0.4166666666666667,0.006804138174397715
98,center,12,10,"(64,)",0.01,False,0.3299933265416896,0.014760190449927851,0.31443223443223445,0.009083104323475304,0.3156058574565647,0.007685218544189971,0.40219542861327406,0.015900046575369843,0.41111111111111115,0.02078698548207745
99,center,12,10,"(64,)",0.01,True,0.3474223957219649,0.012404058789276395,0.32778388278388276,0.006862830676961397,0.33105165568350803,0.005740415512187804,0.4091686062844955,0.007014160571744425,0.4166666666666667,0.006804138174397715
100,center,12,10,"(64,)",0.1,False,0.32820970340859335,0.015919022875604205,0.3127655677655678,0.008091342108585507,0.3140264568277164,0.007223487244382601,0.3981693028380689,0.012473476893201751,0.4083333333333334,0.018002057495577376
101,center,12,10,"(64,)",0.1,True,0.35262884018372853,0.007916405658948645,0.3312454212454213,0.008494812713707318,0.33547578487678203,0.006792807647209459,0.4102261771263898,0.0070647059585288085,0.4166666666666667,0.0
102,center,12,10,"(128, 64)",0.001,False,0.35501036257345014,0.036128502205380636,0.3334615384615384,0.02644065809991786,0.33651416289655783,0.028563542341126277,0.4240932139624229,0.02874141610965799,0.4388888888888889,0.030681558381075707
103,center,12,10,"(128, 64)",0.001,True,0.36122924846494914,0.012000223970400313,0.3519413919413919,0.009808816624625079,0.35333769785894614,0.01094964323903694,0.4378442761897648,0.0002697968567298689,0.44722222222222224,0.003928371006591943
104,center,12,10,"(128, 64)",0.01,False,0.35655566449803056,0.03662576487180385,0.3351282051282052,0.026672842238667865,0.33813614716206297,0.028748292931757787,0.4267965210715982,0.02919591671163062,0.4416666666666667,0.031180478223116162
105,center,12,10,"(128, 64)",0.01,True,0.35958882261399694,0.010085940014458998,0.3502747252747253,0.007750564330026883,0.35174714148060127,0.009034793327429212,0.4351933488925234,0.0035969519770755356,0.4444444444444445,0.00785674201318386
106,center,12,10,"(128, 64)",0.1,False,0.3260719909288308,0.03266588408214875,0.3158608058608059,0.02967634362240841,0.3172138696256806,0.03060220480869422,0.39703338958568324,0.021748524856276947,0.40833333333333327,0.02357022603955158
107,center,12,10,"(128, 64)",0.1,True,0.3582724073577732,0.012134230131247809,0.3486080586080586,0.009910980556442121,0.3503233177272433,0.011261741472367541,0.43219904287587535,0.004108230953117016,0.44166666666666665,0.006804138174397715
108,center,12,20,"(64,)",0.001,False,0.5474041322890427,0.03848743058637379,0.5091575091575092,0.03548878749725708,0.521265908672346,0.03344542492628203,0.5692825265577482,0.03059378609139103,0.5777777777777778,0.03356401659331824
109,center,12,20,"(64,)",0.001,True,0.5255024100287855,0.018659294213317485,0.5244322344322345,0.01584123097321662,0.5229796216161416,0.015378102270111639,0.5709319541667338,0.015139237617127311,0.5750000000000001,0.018002057495577376
110,center,12,20,"(64,)",0.01,False,0.5474041322890427,0.03848743058637379,0.5091575091575092,0.03548878749725708,0.521265908672346,0.03344542492628203,0.5692825265577482,0.03059378609139103,0.5777777777777778,0.03356401659331824
111,center,12,20,"(64,)",0.01,True,0.5255024100287855,0.018659294213317485,0.5244322344322345,0.01584123097321662,0.5229796216161416,0.015378102270111639,0.5709319541667338,0.015139237617127311,0.5750000000000001,0.018002057495577376
112,center,12,20,"(64,)",0.1,False,0.5378941991985471,0.04167505042604616,0.5003296703296704,0.03095518768296164,0.5117448424788148,0.03153471764993733,0.5605911172202017,0.031216587558128738,0.5694444444444444,0.03491612524993483
113,center,12,20,"(64,)",0.1,True,0.5230141665649323,0.018927329000550587,0.5227655677655678,0.015028407222830449,0.5211250152688592,0.015032310225374046,0.5685631658101521,0.014582571101029538,0.5722222222222222,0.01712337223046936
114,center,12,20,"(128, 64)",0.001,False,0.5359671692894284,0.01708368643981118,0.5008058608058609,0.0091859996368193,0.5087562262006949,0.0076245502712994065,0.567613636314944,0.023001316840343483,0.5805555555555556,0.028327886186626582
115,center,12,20,"(128, 64)",0.001,True,0.5239704549496471,0.05451892409843099,0.5072527472527472,0.04448317171824871,0.5111624886376066,0.046944191660344435,0.5620622295026433,0.051867633114363765,0.5694444444444444,0.054574674178856926
116,center,12,20,"(128, 64)",0.01,False,0.5359671692894284,0.01708368643981118,0.5008058608058609,0.0091859996368193,0.5087562262006949,0.0076245502712994065,0.567613636314944,0.023001316840343483,0.5805555555555556,0.028327886186626582
117,center,12,20,"(128, 64)",0.01,True,0.5231388834204012,0.054420575034822734,0.5072527472527472,0.04448317171824871,0.5110312972052103,0.046931441644784126,0.5625657993375385,0.051920892380659125,0.5694444444444444,0.054574674178856926
118,center,12,20,"(128, 64)",0.1,False,0.5241252809235016,0.03662596016368923,0.5011904761904762,0.041192849989500374,0.5073267583731434,0.03748903387488194,0.55846053780717,0.03788747314082228,0.5638888888888889,0.0415739709641549
119,center,12,20,"(128, 64)",0.1,True,0.5242538580237479,0.060070108456005814,0.508919413919414,0.05140313413475497,0.5127556693956509,0.052944441015148495,0.5658816109156378,0.055133566595903585,0.5722222222222222,0.05786851848888796
120,center,12,30,"(64,)",0.001,False,0.5363828031168779,0.014409767613356552,0.512087912087912,0.006285067463325818,0.5198533705532918,0.004885321154736875,0.5749794196858103,0.004036096170571797,0.5805555555555556,0.003928371006591969
121,center,12,30,"(64,)",0.001,True,0.5677304655989704,0.023180570228416675,0.5547802197802197,0.032324258791133445,0.5559824398542269,0.02547151756261549,0.6028969523414027,0.01881518199857116,0.6055555555555556,0.014163943093313291
122,center,12,30,"(64,)",0.01,False,0.5403424438207047,0.01365048210414872,0.5172161172161172,0.003859300747135398,0.5248618939944004,0.0034793601930647173,0.5782874330626249,0.0034521983643461284,0.5833333333333334,0.0
123,center,12,30,"(64,)",0.01,True,0.5677304655989704,0.023180570228416675,0.5547802197802197,0.032324258791133445,0.5559824398542269,0.02547151756261549,0.6028969523414027,0.01881518199857116,0.6055555555555556,0.014163943093313291
124,center,12,30,"(64,)",0.1,False,0.5408420886287951,0.018359054464096986,0.5157875457875458,0.0064908590280840115,0.5242558535029647,0.009707005126005672,0.5804674008502673,0.006157230676924843,0.5861111111111111,0.003928371006591917
125,center,12,30,"(64,)",0.1,True,0.5718195289903593,0.028208874448205395,0.5564468864468864,0.034453494722332015,0.558615476064107,0.029146716023636967,0.6055353460245364,0.022249338351680265,0.6083333333333334,0.018002057495577376
126,center,12,30,"(128, 64)",0.001,False,0.5264698534226578,0.0306576229817369,0.4953846153846153,0.02594923347361563,0.5017496300643406,0.024014291656459835,0.5748393225996921,0.017888914013627924,0.5861111111111111,0.019641855032959635
127,center,12,30,"(128, 64)",0.001,True,0.5389369281842585,0.046795270918947085,0.5026739926739927,0.043356031508972416,0.5100373059057318,0.045310926347585115,0.5765812732124066,0.037316108283815916,0.5861111111111111,0.03747427100897789
128,center,12,30,"(128, 64)",0.01,False,0.5264698534226578,0.0306576229817369,0.4953846153846153,0.02594923347361563,0.5017496300643406,0.024014291656459835,0.5748393225996921,0.017888914013627924,0.5861111111111111,0.019641855032959635
129,center,12,30,"(128, 64)",0.01,True,0.5389369281842585,0.046795270918947085,0.5026739926739927,0.043356031508972416,0.5100373059057318,0.045310926347585115,0.5765812732124066,0.037316108283815916,0.5861111111111111,0.03747427100897789
130,center,12,30,"(128, 64)",0.1,False,0.5536328500487491,0.06117414521954002,0.527948717948718,0.05391705605809737,0.5363627273408734,0.05609083097317231,0.5960847460273332,0.04648933573948892,0.6,0.04762896722078404
131,center,12,30,"(128, 64)",0.1,True,0.5452680411376063,0.05939742556072986,0.5112637362637363,0.05030185020575576,0.5164529709998956,0.05146638870277394,0.5795184469431459,0.040942821390798925,0.5888888888888889,0.0415739709641549
132,center,12,50,"(64,)",0.001,False,0.530344621038251,0.04284668928300726,0.5123809523809523,0.042077589695578906,0.5155974998792544,0.04031893304743644,0.5660338831035207,0.03613405711451008,0.5722222222222223,0.03356401659331824
133,center,12,50,"(64,)",0.001,True,0.5590655552700547,0.02707006788847352,0.5487179487179487,0.006501857297580787,0.5479492844596746,0.01315249039452986,0.5947308321130914,0.009602833565480851,0.6,0.01178511301977575
134,center,12,50,"(64,)",0.01,False,0.5259464728901028,0.03940302630766236,0.5107142857142857,0.04012509120349607,0.5130960108977177,0.037902460941816145,0.5631731083919418,0.03380891771648177,0.5694444444444445,0.03142696805273544
135,center,12,50,"(64,)",0.01,True,0.5590655552700547,0.02707006788847352,0.5487179487179487,0.006501857297580787,0.5479492844596746,0.01315249039452986,0.5947308321130914,0.009602833565480851,0.6,0.01178511301977575
136,center,12,50,"(64,)",0.1,False,0.5465811479780027,0.04884850261192761,0.5239377289377289,0.04029158339024437,0.5278955988817984,0.04038313287819391,0.5771467553361201,0.03527872947116977,0.5805555555555556,0.03491612524993483
137,center,12,50,"(64,)",0.1,True,0.559709482858232,0.026259617104972655,0.5487179487179487,0.006501857297580787,0.5480384642157201,0.013033065053615645,0.594879465039834,0.009392925795509837,0.6,0.01178511301977575
138,center,12,50,"(128, 64)",0.001,False,0.5204776759023472,0.03123737979089793,0.4957875457875458,0.021857744755188795,0.5040556205387076,0.025914890176728888,0.5493335429865142,0.018612339349848784,0.5527777777777778,0.02078698548207743
139,center,12,50,"(128, 64)",0.001,True,0.5234122517049346,0.005961560981850896,0.4960256410256411,0.014932952256769338,0.5039025263397486,0.00954517258097348,0.5524798532810209,0.013352360844616704,0.5583333333333332,0.01360827634879543
140,center,12,50,"(128, 64)",0.01,False,0.5188770257704854,0.03346358117350299,0.49412087912087915,0.024187309958900748,0.5023657898569598,0.02824414880464916,0.5465171585169345,0.02250258897702633,0.55,0.02453266907313287
141,center,12,50,"(128, 64)",0.01,True,0.5308083786132567,0.003873160721073855,0.5059157509157509,0.01974744605451322,0.5125779927276334,0.01333122326642253,0.5584513096065077,0.014524518939293943,0.5638888888888889,0.014163943093313291
142,center,12,50,"(128, 64)",0.1,False,0.5621883771769355,0.05510520362538506,0.5304395604395604,0.0366326830545845,0.540196981120526,0.04242799758722813,0.5904951350343767,0.02625758720412022,0.5944444444444444,0.02749859704614351
143,center,12,50,"(128, 64)",0.1,True,0.5275635040155743,0.0037561176819520784,0.5009157509157509,0.01160692520621593,0.5089191641935815,0.00668460951839863,0.5512941732587819,0.013947245812725346,0.5555555555555555,0.014163943093313277
144,bin_autoscale,4,10,"(64,)",0.001,False,0.46156376899712126,0.01962267894814326,0.4326373626373627,0.012946295580393665,0.4425506843513887,0.014615700636202595,0.497411715517962,0.0186517748317891,0.5027777777777778,0.021872244094477255
145,bin_autoscale,4,10,"(64,)",0.001,True,0.47435484476732687,0.02315895441318549,0.46100732600732597,0.01770432402740261,0.46457123307179105,0.019331665146193028,0.5149278046787346,0.017734068324315393,0.5166666666666666,0.018002057495577376
146,bin_autoscale,4,10,"(64,)",0.01,False,0.4606182029352761,0.02073520196796038,0.4326373626373627,0.012946295580393665,0.44207119011148704,0.014997635078641207,0.4976809345198352,0.018496627459270054,0.5027777777777778,0.021872244094477255
147,bin_autoscale,4,10,"(64,)",0.01,True,0.4724559538978477,0.022738223004954105,0.4593406593406593,0.019306027518546497,0.46273393901438314,0.02027701842533751,0.5126422309510356,0.019124838655842448,0.5138888888888888,0.019641855032959635
148,bin_autoscale,4,10,"(64,)",0.1,False,0.46458502389006223,0.02319864246338342,0.4394322344322344,0.014411557118233236,0.44802200686198645,0.016270213014721147,0.5031476794208337,0.020409164725792347,0.5083333333333333,0.02453266907313289
149,bin_autoscale,4,10,"(64,)",0.1,True,0.46217426946565116,0.02933704415283065,0.45291208791208787,0.03064262939474166,0.4555109921374982,0.030184650612296877,0.5072655945597713,0.030430230121745647,0.5083333333333333,0.031180478223116207
150,bin_autoscale,4,10,"(128, 64)",0.001,False,0.477071576577343,0.041676520178886435,0.43690476190476196,0.047191508433692395,0.4475282965613065,0.04579813586495888,0.5025649183285542,0.03277393057386805,0.5111111111111111,0.03215510250775062
151,bin_autoscale,4,10,"(128, 64)",0.001,True,0.49749852757436175,0.022597297435721007,0.4697985347985348,0.02899170789696359,0.47934809118329325,0.027496606616331035,0.5176627315337453,0.024203275797595503,0.5222222222222223,0.023895347964007326
152,bin_autoscale,4,10,"(128, 64)",0.01,False,0.48369862217954385,0.034056083640407735,0.4454945054945055,0.03893189629608392,0.45665164135861386,0.03637720029577002,0.5067492466014473,0.027047595066924245,0.5138888888888888,0.027498597046143523
153,bin_autoscale,4,10,"(128, 64)",0.01,True,0.49749852757436175,0.022597297435721007,0.4697985347985348,0.02899170789696359,0.47934809118329325,0.027496606616331035,0.5176627315337453,0.024203275797595503,0.5222222222222223,0.023895347964007326
154,bin_autoscale,4,10,"(128, 64)",0.1,False,0.5019872932851411,0.009657305437080516,0.4669413919413919,0.027985156204394374,0.4783520114679371,0.022879799752479342,0.521760165771008,0.015794883440452434,0.5277777777777777,0.014163943093313291
155,bin_autoscale,4,10,"(128, 64)",0.1,True,0.4913619122516999,0.02661028521211019,0.4664652014652015,0.031323768410620706,0.47499549235431954,0.0305243893929966,0.5126082724382018,0.02739791597210787,0.5166666666666667,0.027216552697590886
156,bin_autoscale,4,20,"(64,)",0.001,False,0.5561552630894662,0.02933499800455357,0.5081684981684981,0.03574972412894291,0.5238270663710395,0.03539888504168535,0.5788401573590979,0.033131246156515505,0.5888888888888889,0.030681558381075707
157,bin_autoscale,4,20,"(64,)",0.001,True,0.605022984620262,0.009543112970152761,0.560018315018315,0.01653632160551858,0.5751372075128481,0.014939999290125747,0.612934568307013,0.022556494938448406,0.6194444444444445,0.020786985482077466
158,bin_autoscale,4,20,"(64,)",0.01,False,0.5561552630894662,0.02933499800455357,0.5081684981684981,0.03574972412894291,0.5238270663710395,0.03539888504168535,0.5788401573590979,0.033131246156515505,0.5888888888888889,0.030681558381075707
159,bin_autoscale,4,20,"(64,)",0.01,True,0.6080398643813278,0.013785725293400582,0.5651465201465201,0.022322679123417438,0.5794439303391127,0.02005803630051131,0.6158624396841202,0.02554900655332157,0.6222222222222222,0.023895347964007302
160,bin_autoscale,4,20,"(64,)",0.1,False,0.5559887610523878,0.02656318247541001,0.5081684981684981,0.03574972412894291,0.5235652334213933,0.034692443881978875,0.5787298560662094,0.03355167917220531,0.5888888888888889,0.030681558381075707
161,bin_autoscale,4,20,"(64,)",0.1,True,0.6132578662697777,0.016948307975675838,0.5634798534798535,0.024411494236652214,0.5801141915236486,0.022316313280436796,0.6132008855318647,0.02931685929900898,0.6194444444444445,0.027498597046143505
162,bin_autoscale,4,20,"(128, 64)",0.001,False,0.5846818791357499,0.014864392336352963,0.5488278388278388,0.03434080097650884,0.5604443432287737,0.025695738772433734,0.6031064879356111,0.016744230200123812,0.6111111111111112,0.01571348402636772
163,bin_autoscale,4,20,"(128, 64)",0.001,True,0.5757135236499887,0.009281785172303544,0.5524175824175824,0.03486170283676605,0.5569835701852893,0.023030566587406102,0.5973156121445644,0.017749540659400622,0.6055555555555556,0.01712337223046936
164,bin_autoscale,4,20,"(128, 64)",0.01,False,0.5885876030414737,0.00934180963454055,0.5539560439560439,0.02892180903953602,0.5654467974383891,0.01975818263890258,0.6064043859266036,0.01458795078761185,0.6138888888888889,0.014163943093313291
165,bin_autoscale,4,20,"(128, 64)",0.01,True,0.5757135236499887,0.009281785172303544,0.5524175824175824,0.03486170283676605,0.5569835701852893,0.023030566587406102,0.5973156121445644,0.017749540659400622,0.6055555555555556,0.01712337223046936
166,bin_autoscale,4,20,"(128, 64)",0.1,False,0.5682745430083219,0.010707325094367962,0.538937728937729,0.015719109209593952,0.549965699527985,0.013015951902960543,0.5986469388268351,0.020307908066658414,0.6055555555555555,0.02187224409447728
167,bin_autoscale,4,20,"(128, 64)",0.1,True,0.5620402074012845,0.013837508821573604,0.5388278388278388,0.02589019436501412,0.5443301371822548,0.019804132542155916,0.5874559424468531,0.011427834763989937,0.5944444444444444,0.010393492741038691
168,bin_autoscale,4,30,"(64,)",0.001,False,0.5982290181662456,0.05534857741255374,0.5483516483516483,0.0340646342656435,0.5654243239349172,0.04133391676340651,0.5951052678366912,0.0321690471192374,0.6000000000000001,0.031180478223116204
169,bin_autoscale,4,30,"(64,)",0.001,True,0.5832191286973897,0.02618153468122048,0.5558791208791208,0.005876295921890173,0.562452513717889,0.01037418560114978,0.5975293218049472,0.013260789997118334,0.6055555555555556,0.01571348402636772
170,bin_autoscale,4,30,"(64,)",0.01,False,0.6023367622739896,0.06108906642090434,0.550018315018315,0.0364196982915451,0.5680443052607808,0.04502733027339098,0.5977219033797972,0.035734911364023264,0.6027777777777779,0.034916125249934836
171,bin_autoscale,4,30,"(64,)",0.01,True,0.5762697823044342,0.02639347692883507,0.5525457875457875,0.008197111468279894,0.557411133763606,0.01232228883044799,0.5923548543934576,0.015299567889580193,0.6,0.01800205749557741
172,bin_autoscale,4,30,"(64,)",0.1,False,0.6092393809673132,0.05869416270545909,0.5619413919413919,0.03340338009094416,0.5778349517788867,0.041770304383516865,0.6058665706535638,0.03432135834808929,0.6111111111111112,0.03356401659331824
173,bin_autoscale,4,30,"(64,)",0.1,True,0.5783938406000827,0.020557905024015184,0.5525457875457875,0.005610557076540632,0.5579264518807949,0.00789185691700794,0.5921670190493198,0.009869705086119682,0.6,0.01178511301977575
174,bin_autoscale,4,30,"(128, 64)",0.001,False,0.6120019984349033,0.01867208702479642,0.5442673992673993,0.01406173624784134,0.5642823778730076,0.013117973283049693,0.6023983132160294,0.008891258984702236,0.6111111111111112,0.010393492741038738
175,bin_autoscale,4,30,"(128, 64)",0.001,True,0.6037195080052222,0.018205648322496423,0.5466666666666666,0.019083018669074383,0.5610675831861694,0.020375175059108994,0.6031106513521548,0.007133761446981198,0.6138888888888889,0.003928371006591969
176,bin_autoscale,4,30,"(128, 64)",0.01,False,0.6153427145663172,0.023394658752989916,0.5493956043956044,0.019366449671056683,0.5695536371260476,0.019461116839557695,0.6058266024472866,0.013723679378598369,0.6138888888888889,0.014163943093313291
177,bin_autoscale,4,30,"(128, 64)",0.01,True,0.6037195080052222,0.018205648322496423,0.5466666666666666,0.019083018669074383,0.5610675831861694,0.020375175059108994,0.6031106513521548,0.007133761446981198,0.6138888888888889,0.003928371006591969
178,bin_autoscale,4,30,"(128, 64)",0.1,False,0.6413026982023943,0.014633862740114557,0.5804029304029305,0.007042880680764611,0.597213811133654,0.010954575632220133,0.6277147503347783,0.015243449265879415,0.6361111111111111,0.014163943093313291
179,bin_autoscale,4,30,"(128, 64)",0.1,True,0.6107116663149399,0.03162621217032391,0.5686080586080586,0.048603269139729524,0.5761841429584227,0.040108315096247724,0.6119882202880632,0.021040438565420774,0.6222222222222222,0.020786985482077466
180,bin_autoscale,4,50,"(64,)",0.001,False,0.5936978135735899,0.028698156679050478,0.5614835164835165,0.010840851029348952,0.5659560981170597,0.01853793423709007,0.6101475559713808,0.01991224055834138,0.6194444444444445,0.01712337223046941
181,bin_autoscale,4,50,"(64,)",0.001,True,0.6013888062292317,0.008889255394388786,0.566849816849817,0.02534241347641046,0.5705622822610927,0.01975003308426075,0.6194708909711967,0.0068954280039570815,0.6277777777777778,0.007856742013183834
182,bin_autoscale,4,50,"(64,)",0.01,False,0.5936978135735899,0.028698156679050478,0.5614835164835165,0.010840851029348952,0.5659560981170597,0.01853793423709007,0.6101475559713808,0.01991224055834138,0.6194444444444445,0.01712337223046941
183,bin_autoscale,4,50,"(64,)",0.01,True,0.6013888062292317,0.008889255394388786,0.566849816849817,0.02534241347641046,0.5705622822610927,0.01975003308426075,0.6194708909711967,0.0068954280039570815,0.6277777777777778,0.007856742013183834
184,bin_autoscale,4,50,"(64,)",0.1,False,0.587588419983378,0.005764217525927009,0.5580219780219781,0.007290527639456818,0.561898752968065,0.0039024653140562605,0.6097843573998776,0.010466771201054971,0.6194444444444445,0.01039349274103873
185,bin_autoscale,4,50,"(64,)",0.1,True,0.587228830299515,0.017113404525235604,0.5604212454212455,0.02313099079250037,0.5618956358419359,0.01913040930120836,0.6128467253296893,0.0075412399475003255,0.6222222222222222,0.010393492741038738
186,bin_autoscale,4,50,"(128, 64)",0.001,False,0.6046988903427873,0.02837936130566122,0.559065934065934,0.024633161751824673,0.569904442691567,0.02107022351556533,0.6225905302573497,0.005212764266523889,0.6333333333333333,0.006804138174397738
187,bin_autoscale,4,50,"(128, 64)",0.001,True,0.5858811103712505,0.05349339178920716,0.5486996336996337,0.034180633247422536,0.55652362839955,0.035075690205339356,0.6072225822749888,0.017060587571635352,0.6166666666666667,0.018002057495577428
188,bin_autoscale,4,50,"(128, 64)",0.01,False,0.6046988903427873,0.02837936130566122,0.559065934065934,0.024633161751824673,0.569904442691567,0.02107022351556533,0.6225905302573497,0.005212764266523889,0.6333333333333333,0.006804138174397738
189,bin_autoscale,4,50,"(128, 64)",0.01,True,0.5858811103712505,0.05349339178920716,0.5486996336996337,0.034180633247422536,0.55652362839955,0.035075690205339356,0.6072225822749888,0.017060587571635352,0.6166666666666667,0.018002057495577428
190,bin_autoscale,4,50,"(128, 64)",0.1,False,0.571910579568133,0.03505463413383016,0.5377472527472528,0.0331840233647747,0.5469323685271398,0.030726922066113757,0.6032225567138422,0.017366125110697996,0.6138888888888889,0.01964185503295969
191,bin_autoscale,4,50,"(128, 64)",0.1,True,0.5919203122926526,0.05198565668071834,0.5538278388278387,0.038628218978875514,0.5614258332688874,0.03731972975016606,0.6095475769968951,0.01727760864383395,0.6194444444444445,0.01712337223046941
192,bin_autoscale,8,10,"(64,)",0.001,False,0.4666051539893843,0.04220218954582085,0.4342673992673993,0.049494940054089206,0.4426169802920314,0.047643134093409104,0.49532097515573764,0.043141783656677646,0.5027777777777778,0.041013397389537236
193,bin_autoscale,8,10,"(64,)",0.001,True,0.4844001001399491,0.02596447633434562,0.4733882783882784,0.03171646152643933,0.4749775468778436,0.029614282289602337,0.5129677539328911,0.026582363619527316,0.5166666666666666,0.024532669073132896
194,bin_autoscale,8,10,"(64,)",0.01,False,0.4666051539893843,0.04220218954582085,0.4342673992673993,0.049494940054089206,0.4426169802920314,0.047643134093409104,0.49532097515573764,0.043141783656677646,0.5027777777777778,0.041013397389537236
195,bin_autoscale,8,10,"(64,)",0.01,True,0.4844001001399491,0.02596447633434562,0.4733882783882784,0.03171646152643933,0.4749775468778436,0.029614282289602337,0.5129677539328911,0.026582363619527316,0.5166666666666666,0.024532669073132896
196,bin_autoscale,8,10,"(64,)",0.1,False,0.45967217967217966,0.03182797325698809,0.4258058608058608,0.04173525329569169,0.433814220551743,0.03930994413519922,0.48733221449714165,0.03722442723845051,0.49444444444444446,0.03424674446093875
197,bin_autoscale,8,10,"(64,)",0.1,True,0.48404382825607756,0.01916311129951154,0.47135531135531145,0.02941298426113239,0.4733223797463016,0.026528168005544493,0.5105818848735694,0.026901115123406212,0.5138888888888888,0.023895347964007285
198,bin_autoscale,8,10,"(128, 64)",0.001,False,0.44892522397781115,0.04070216032903182,0.4175641025641026,0.029937083770643434,0.4247490067282625,0.03299808020992943,0.4957936853706546,0.021904145995282565,0.5083333333333333,0.018002057495577393
199,bin_autoscale,8,10,"(128, 64)",0.001,True,0.4562987658336495,0.04715701179234978,0.43500000000000005,0.03732717558661627,0.4428473969061771,0.041193601453582425,0.4979943375971356,0.025857286979414168,0.5027777777777778,0.023895347964007302
200,bin_autoscale,8,10,"(128, 64)",0.01,False,0.44892522397781115,0.04070216032903182,0.4175641025641026,0.029937083770643434,0.4247490067282625,0.03299808020992943,0.4957936853706546,0.021904145995282565,0.5083333333333333,0.018002057495577393
201,bin_autoscale,8,10,"(128, 64)",0.01,True,0.4578172731661103,0.0450251865386789,0.4366666666666667,0.0350244546091508,0.4444263025403281,0.03899195923208182,0.5006258469873872,0.02274754188227612,0.5055555555555555,0.02078698548207745
202,bin_autoscale,8,10,"(128, 64)",0.1,False,0.45859502996316454,0.0229598618027489,0.4257875457875458,0.026651819317953438,0.43462626095243695,0.02597989629491023,0.5017139310081825,0.026173444814170964,0.5111111111111111,0.025760051376376967
203,bin_autoscale,8,10,"(128, 64)",0.1,True,0.466399353466852,0.03878788455488644,0.44655677655677656,0.03035836797731216,0.4538347074540066,0.033406821349848494,0.5074845523337673,0.016083149906881557,0.5111111111111112,0.014163943093313317
204,bin_autoscale,8,20,"(64,)",0.001,False,0.6419849447950136,0.022063181818249736,0.5983150183150183,0.009077008812681392,0.6136678748452574,0.01057530891783843,0.637041115475642,0.009677690140883361,0.6416666666666666,0.01360827634879543
205,bin_autoscale,8,20,"(64,)",0.001,True,0.6250891151099291,0.008441569445221961,0.6015384615384615,0.013873454102582517,0.6082035824164875,0.008543543652917046,0.6323382310710923,0.008374003332872889,0.6361111111111111,0.010393492741038738
206,bin_autoscale,8,20,"(64,)",0.01,False,0.6419849447950136,0.022063181818249736,0.5983150183150183,0.009077008812681392,0.6136678748452574,0.01057530891783843,0.637041115475642,0.009677690140883361,0.6416666666666666,0.01360827634879543
207,bin_autoscale,8,20,"(64,)",0.01,True,0.6250891151099291,0.008441569445221961,0.6015384615384615,0.013873454102582517,0.6082035824164875,0.008543543652917046,0.6323382310710923,0.008374003332872889,0.6361111111111111,0.010393492741038738
208,bin_autoscale,8,20,"(64,)",0.1,False,0.6434311076547101,0.017272437366842492,0.5983150183150183,0.005006603804924919,0.6143529895862736,0.006236969996493251,0.6369346456181385,0.0029837034553397658,0.6416666666666666,0.006804138174397738
209,bin_autoscale,8,20,"(64,)",0.1,True,0.6132505005274121,0.013004098806002515,0.592014652014652,0.003418487252082204,0.5972079536105972,0.005650978452798887,0.625234434389515,0.010291374708366916,0.6305555555555555,0.01039349274103873
210,bin_autoscale,8,20,"(128, 64)",0.001,False,0.5812566773821426,0.02237090367291973,0.540970695970696,0.020423471026407895,0.555826220138377,0.019996597291878415,0.6013099778338625,0.022748635639334915,0.6083333333333334,0.023570226039551605
211,bin_autoscale,8,20,"(128, 64)",0.001,True,0.6050317595368645,0.02471866471692611,0.5618131868131867,0.02856170586895444,0.5765516074575899,0.02706359297912347,0.6121244401851357,0.026439657544943013,0.6166666666666667,0.023570226039551605
212,bin_autoscale,8,20,"(128, 64)",0.01,False,0.5781502507974552,0.018289112446480994,0.540970695970696,0.020423471026407895,0.5545773981289531,0.018250749153806353,0.601228607818156,0.022633843272293157,0.6083333333333334,0.023570226039551605
213,bin_autoscale,8,20,"(128, 64)",0.01,True,0.6036891346820445,0.025265761851329595,0.5601465201465201,0.030335255011311853,0.5749814382810751,0.0283707869227595,0.6095074915576109,0.028494705510168746,0.6138888888888889,0.025760051376376967
214,bin_autoscale,8,20,"(128, 64)",0.1,False,0.6195184518588774,0.025997766125805954,0.581959706959707,0.010144999290947095,0.5954113371096988,0.01658018520322237,0.6235742311512108,0.014824458118465347,0.6277777777777778,0.014163943093313328
215,bin_autoscale,8,20,"(128, 64)",0.1,True,0.6088969837750325,0.0326858205214089,0.5651465201465201,0.032247624673022855,0.580391103846003,0.03334592671611338,0.6172635780660962,0.03426500558689058,0.6222222222222222,0.03215510250775062
216,bin_autoscale,8,30,"(64,)",0.001,False,0.6558526082130551,0.012231614676327005,0.6128388278388278,0.008806458080711602,0.6241404515635515,0.0035652584160314354,0.6478769513752213,0.0023682396129041778,0.6555555555555556,0.003928371006591917
217,bin_autoscale,8,30,"(64,)",0.001,True,0.6479281594109362,0.03279861015295641,0.5992490842490842,0.011379715003630273,0.6105828793733376,0.018522566943924665,0.6379486947135887,0.012652479899114041,0.6444444444444444,0.01039349274103873
218,bin_autoscale,8,30,"(64,)",0.01,False,0.6558526082130551,0.012231614676327005,0.6128388278388278,0.008806458080711602,0.6241404515635515,0.0035652584160314354,0.6478769513752213,0.0023682396129041778,0.6555555555555556,0.003928371006591917
219,bin_autoscale,8,30,"(64,)",0.01,True,0.6479281594109362,0.03279861015295641,0.5992490842490842,0.011379715003630273,0.6105828793733376,0.018522566943924665,0.6379486947135887,0.012652479899114041,0.6444444444444444,0.01039349274103873
220,bin_autoscale,8,30,"(64,)",0.1,False,0.6695637077946047,0.023629009682673147,0.6213003663003663,0.0020755045514004094,0.6332018704411096,0.010954153815214042,0.6564607976526332,0.005405207691400001,0.6638888888888889,0.003928371006591917
221,bin_autoscale,8,30,"(64,)",0.1,True,0.6548994368107849,0.042055959881152634,0.6009157509157509,0.012470173999234098,0.6135685412354039,0.02273625720103281,0.6406520705443054,0.016280347703803065,0.6472222222222221,0.014163943093313277
222,bin_autoscale,8,30,"(128, 64)",0.001,False,0.5597822927748922,0.01924126140238113,0.5071062271062271,0.026748568526804767,0.5224910513383196,0.024006672852793134,0.5806586849113784,0.017474284205735147,0.5916666666666667,0.02041241452319317
223,bin_autoscale,8,30,"(128, 64)",0.001,True,0.5886024899502464,0.002246409694720108,0.5473992673992675,0.02281582334121691,0.5589610457845628,0.015586369658272908,0.6067795522825153,0.015139777562456883,0.6138888888888889,0.020786985482077476
224,bin_autoscale,8,30,"(128, 64)",0.01,False,0.5581542933716847,0.017525352221044444,0.5122344322344322,0.03230271862906075,0.525144266645198,0.027202692066521122,0.5831670588570169,0.020636902602399056,0.5944444444444444,0.023895347964007302
225,bin_autoscale,8,30,"(128, 64)",0.01,True,0.592716803820658,0.005279236431088158,0.5525274725274726,0.015735979799759003,0.5638709515663903,0.008838638857593069,0.6100714242377352,0.011959485258178153,0.6166666666666667,0.018002057495577428
226,bin_autoscale,8,30,"(128, 64)",0.1,False,0.6004163911104752,0.0174670820856304,0.5643406593406594,0.008702852691526748,0.5755597884098759,0.010620683668736577,0.6085035952537409,0.011557674616033006,0.6138888888888889,0.014163943093313291
227,bin_autoscale,8,30,"(128, 64)",0.1,True,0.5997070358108899,0.0094815576164718,0.5576556776556777,0.018942705576035893,0.5698911728909596,0.012994286816044774,0.613328194842332,0.015895367173397238,0.6194444444444445,0.02187224409447728
228,bin_autoscale,8,50,"(64,)",0.001,False,0.576990828667925,0.04099064976429412,0.5449999999999999,0.03885709727675381,0.5533801583547501,0.039065416166229223,0.6046611194433336,0.0338848388757388,0.6111111111111112,0.034916125249934836
229,bin_autoscale,8,50,"(64,)",0.001,True,0.5468003811906251,0.022933364832130102,0.5202197802197802,0.031066363594522584,0.5277009270957199,0.028996547169497403,0.585118867627404,0.01825316840948119,0.5916666666666667,0.01800205749557741
230,bin_autoscale,8,50,"(64,)",0.01,False,0.576990828667925,0.04099064976429412,0.5449999999999999,0.03885709727675381,0.5533801583547501,0.039065416166229223,0.6046611194433336,0.0338848388757388,0.6111111111111112,0.034916125249934836
231,bin_autoscale,8,50,"(64,)",0.01,True,0.5468003811906251,0.022933364832130102,0.5202197802197802,0.031066363594522584,0.5277009270957199,0.028996547169497403,0.585118867627404,0.01825316840948119,0.5916666666666667,0.01800205749557741
232,bin_autoscale,8,50,"(64,)",0.1,False,0.5902856189246951,0.037326570931121364,0.5501282051282051,0.03054616728520275,0.557563038135497,0.031235213895366005,0.6073504815398738,0.024764761995582016,0.6138888888888889,0.025760051376376967
233,bin_autoscale,8,50,"(64,)",0.1,True,0.5528998372900812,0.017885259331980614,0.5253479853479853,0.029848277036012345,0.5331539185487113,0.027267921501356412,0.5880725713311076,0.01644593686212317,0.5944444444444446,0.01571348402636772
234,bin_autoscale,8,50,"(128, 64)",0.001,False,0.574730904369697,0.03624070089873511,0.5259523809523811,0.045943667900607214,0.5411628328029515,0.04093647520056418,0.5910580329219987,0.03047071215893134,0.6000000000000001,0.031180478223116204
235,bin_autoscale,8,50,"(128, 64)",0.001,True,0.5740561618886872,0.035056386655771016,0.5132967032967033,0.05303510057962672,0.5294876333981905,0.04787586586979763,0.579604804644139,0.040470222432452935,0.5916666666666667,0.04082482904638634
236,bin_autoscale,8,50,"(128, 64)",0.01,False,0.5666819716579844,0.04309078006395803,0.5226190476190478,0.04924908765462868,0.5367034266604698,0.04522205267201147,0.5861910252498651,0.035815794771631146,0.5944444444444446,0.03747427100897789
237,bin_autoscale,8,50,"(128, 64)",0.01,True,0.5740561618886872,0.035056386655771016,0.5132967032967033,0.05303510057962672,0.5294876333981905,0.04787586586979763,0.579604804644139,0.040470222432452935,0.5916666666666667,0.04082482904638634
238,bin_autoscale,8,50,"(128, 64)",0.1,False,0.6195466862410385,0.029120532684780175,0.5931868131868133,0.03584683770512139,0.5995585230019084,0.030849098138182478,0.6313939879952825,0.027381076544715683,0.6388888888888888,0.027498597046143523
239,bin_autoscale,8,50,"(128, 64)",0.1,True,0.5764014228665392,0.04666369514839421,0.5286813186813187,0.046238170831193116,0.5420102344489056,0.0467512907185428,0.5898642321699121,0.03132297348246276,0.6,0.029658550700087005
240,bin_autoscale,12,10,"(64,)",0.001,False,0.46245460549273076,0.0023979193312998453,0.4351282051282051,0.022946883450175603,0.44295069473309906,0.016140103364451385,0.4935439815854441,0.026972541100366978,0.49722222222222223,0.025760051376376956
241,bin_autoscale,12,10,"(64,)",0.001,True,0.4860081556763478,0.01986891303583022,0.46849816849816855,0.024556130167998857,0.4748576762273635,0.022551524272352956,0.5189095741349149,0.020867618552794627,0.5194444444444444,0.020786985482077452
242,bin_autoscale,12,10,"(64,)",0.01,False,0.45872247576615144,0.0033823152230570016,0.43,0.017717714335659617,0.4384987565201344,0.01155153823020181,0.4906112640510158,0.022940393845073077,0.49444444444444446,0.02187224409447727
243,bin_autoscale,12,10,"(64,)",0.01,True,0.4860081556763478,0.01986891303583022,0.46849816849816855,0.024556130167998857,0.4748576762273635,0.022551524272352956,0.5189095741349149,0.020867618552794627,0.5194444444444444,0.020786985482077452
244,bin_autoscale,12,10,"(64,)",0.1,False,0.46283587249973807,0.005460142768770498,0.4334615384615385,0.01869203527999738,0.4421325025636125,0.013538525165455192,0.4906675074568125,0.022867802271144745,0.49444444444444446,0.02187224409447727
245,bin_autoscale,12,10,"(64,)",0.1,True,0.4768729439095571,0.00768663058372981,0.4600366300366301,0.01709172974405189,0.4658083767192273,0.013224261938173101,0.5102187126358474,0.021695222897622008,0.5111111111111111,0.021872244094477244
246,bin_autoscale,12,10,"(128, 64)",0.001,False,0.4943590321346965,0.012787530682309407,0.4532417582417582,0.030691063714726376,0.46416394225912855,0.024888828618927168,0.5005363674760943,0.027051950158157485,0.5055555555555555,0.02576005137637694
247,bin_autoscale,12,10,"(128, 64)",0.001,True,0.47680554962847604,0.02153386299678335,0.45170329670329673,0.025269747877470532,0.45799689687366635,0.021915933638403818,0.49515047802842727,0.027643053308564817,0.49722222222222223,0.027498597046143547
248,bin_autoscale,12,10,"(128, 64)",0.01,False,0.4943590321346965,0.012787530682309407,0.4532417582417582,0.030691063714726376,0.46416394225912855,0.024888828618927168,0.5005363674760943,0.027051950158157485,0.5055555555555555,0.02576005137637694
249,bin_autoscale,12,10,"(128, 64)",0.01,True,0.4802976131205394,0.017030501762063017,0.45170329670329673,0.025269747877470532,0.4586099236935898,0.021049118676625837,0.4954551669538058,0.027212194395846087,0.49722222222222223,0.027498597046143547
250,bin_autoscale,12,10,"(128, 64)",0.1,False,0.4967039520381611,0.005956628722888888,0.45108058608058604,0.02077205696865671,0.4629745955322216,0.016993721311901345,0.5027571501777551,0.018936637563194567,0.5083333333333333,0.018002057495577393
251,bin_autoscale,12,10,"(128, 64)",0.1,True,0.47426659050982317,0.021293528978736667,0.4500366300366301,0.02410246668205702,0.45630048230703674,0.020858414506576297,0.4923729779672354,0.025856781551262042,0.49444444444444446,0.025760051376376974
252,bin_autoscale,12,20,"(64,)",0.001,False,0.5916234928305867,0.004809382276472893,0.5761355311355311,0.0033320248609243963,0.5807721451399858,0.0007038925880591501,0.6240299477782812,0.018027349698077927,0.6277777777777778,0.01712337223046941
253,bin_autoscale,12,20,"(64,)",0.001,True,0.6270473545259346,0.03947330520391052,0.6091391941391943,0.044123908711675146,0.6134942723345816,0.04381638842281806,0.6474985174890713,0.04785631907987526,0.65,0.04762896722078404
254,bin_autoscale,12,20,"(64,)",0.01,False,0.5932525944596884,0.005303886863226778,0.5761355311355311,0.0033320248609243963,0.5816992232600463,0.0006713722977258957,0.6238656762689804,0.018072701007129034,0.6277777777777778,0.01712337223046941
255,bin_autoscale,12,20,"(64,)",0.01,True,0.6309425821053728,0.044867830290024856,0.6108058608058609,0.046480882452351956,0.615968793593913,0.047315778677009604,0.6500671640324014,0.051473372484442934,0.6527777777777778,0.05152010275275391
256,bin_autoscale,12,20,"(64,)",0.1,False,0.6102096783395775,0.01713095757288659,0.5962820512820511,0.015668259996519933,0.5989278349926886,0.01621663479459905,0.6348238313377178,0.02797060685540908,0.638888888888889,0.025760051376376967
257,bin_autoscale,12,20,"(64,)",0.1,True,0.6309425821053728,0.044867830290024856,0.6108058608058609,0.046480882452351956,0.615968793593913,0.047315778677009604,0.6500671640324014,0.051473372484442934,0.6527777777777778,0.05152010275275391
258,bin_autoscale,12,20,"(128, 64)",0.001,False,0.6239565488397026,0.025585048960294832,0.5589743589743589,0.027976057084986218,0.5794600260003283,0.02658732885725141,0.6004237470054105,0.040506790217159874,0.6055555555555556,0.0415739709641549
259,bin_autoscale,12,20,"(128, 64)",0.001,True,0.6203678623786537,0.023553070251483045,0.5794871794871794,0.01258840119838817,0.5895980356712782,0.01595180756887321,0.610353335692798,0.032783663932720745,0.6166666666666667,0.0340206908719886
260,bin_autoscale,12,20,"(128, 64)",0.01,False,0.6300083935526786,0.025495313152523534,0.5657692307692307,0.021609595102432738,0.5859203555519579,0.02216807341539411,0.6056354073692374,0.0378225062728195,0.6111111111111112,0.038689967436622556
261,bin_autoscale,12,20,"(128, 64)",0.01,True,0.6255294069019003,0.02751860073178446,0.5811538461538461,0.014935153475024799,0.5920511381243806,0.018822936828925635,0.6128184631579255,0.03576569207363986,0.6194444444444445,0.03747427100897789
262,bin_autoscale,12,20,"(128, 64)",0.1,False,0.6122495005786474,0.04272745203766344,0.5718315018315018,0.028289832848964223,0.5853670074780916,0.034331150553662364,0.6120915360508307,0.04127961584480124,0.6166666666666667,0.04082482904638629
263,bin_autoscale,12,20,"(128, 64)",0.1,True,0.6212126163515982,0.0306186569412986,0.5778205128205127,0.017284700894855603,0.5892873953588366,0.02258224394263379,0.6075027897233078,0.039160422371611874,0.6138888888888888,0.041013397389537215
264,bin_autoscale,12,30,"(64,)",0.001,False,0.5815692314221726,0.029658139760168588,0.578076923076923,0.03210098709979285,0.5758134074443609,0.027983259569972472,0.6000950177379362,0.021409952883465033,0.6027777777777777,0.020786985482077466
265,bin_autoscale,12,30,"(64,)",0.001,True,0.6069872328023803,0.01833554342721346,0.6,0.024502085868159735,0.5987971134752638,0.018873819559930987,0.6238753456293687,0.00889034768137004,0.6277777777777778,0.007856742013183834
266,bin_autoscale,12,30,"(64,)",0.01,False,0.5815692314221726,0.029658139760168588,0.578076923076923,0.03210098709979285,0.5758134074443609,0.027983259569972472,0.6000950177379362,0.021409952883465033,0.6027777777777777,0.020786985482077466
267,bin_autoscale,12,30,"(64,)",0.01,True,0.6069872328023803,0.01833554342721346,0.6,0.024502085868159735,0.5987971134752638,0.018873819559930987,0.6238753456293687,0.00889034768137004,0.6277777777777778,0.007856742013183834
268,bin_autoscale,12,30,"(64,)",0.1,False,0.5813809184431621,0.028344737284068684,0.5797435897435897,0.03009666340504944,0.5759453051851459,0.027020204418218296,0.6015234128949115,0.019175057496116383,0.6055555555555556,0.01712337223046936
269,bin_autoscale,12,30,"(64,)",0.1,True,0.6054773605608008,0.018937132867200876,0.5983333333333334,0.02511240813166875,0.5972112457647347,0.01930507931276618,0.6212322327784873,0.00801438567579046,0.625,0.006804138174397693
270,bin_autoscale,12,30,"(128, 64)",0.001,False,0.6176180387384641,0.05625823604418921,0.5607509157509157,0.04829301167581569,0.5818748491729261,0.049159566135926154,0.6166248433112518,0.048026026224834095,0.6194444444444445,0.049222347629637064
271,bin_autoscale,12,30,"(128, 64)",0.001,True,0.6297910487445372,0.041972455593357084,0.5826923076923077,0.045187845621819545,0.5990027280362451,0.043133051283381955,0.624527033499562,0.042295251443310276,0.6277777777777778,0.04374448818895451
272,bin_autoscale,12,30,"(128, 64)",0.01,False,0.6189663894196734,0.05479580693403202,0.5576556776556777,0.048485502645409684,0.5798814662942071,0.049242225163178915,0.6153923200415742,0.048562719635685404,0.6194444444444445,0.050154083570188274
273,bin_autoscale,12,30,"(128, 64)",0.01,True,0.6311923606109653,0.044787038813985665,0.5826923076923077,0.04778615367987345,0.5995112333640277,0.04595364084464799,0.624139974477965,0.04767283907640576,0.6277777777777778,0.049222347629637064
274,bin_autoscale,12,30,"(128, 64)",0.1,False,0.6365398053514296,0.03620161155207404,0.6086996336996338,0.022431239704906507,0.6162593413398011,0.02262458007991234,0.6388794272635269,0.022447633246564163,0.6416666666666666,0.024532669073132923
275,bin_autoscale,12,30,"(128, 64)",0.1,True,0.6388162035439403,0.035896368459130544,0.6032051282051282,0.02605625331126187,0.6163149255388288,0.028153380048238582,0.6363697938625311,0.031734388308082874,0.6388888888888888,0.03356401659331824
276,bin_autoscale,12,50,"(64,)",0.001,False,0.581433240672371,0.03730115734033189,0.570091575091575,0.03574938633911106,0.5694223542309019,0.03351523870551988,0.5991373067669588,0.036065536039940324,0.6055555555555556,0.03747427100897789
277,bin_autoscale,12,50,"(64,)",0.001,True,0.5743713835132945,0.05201986008936104,0.5384981684981686,0.047447450754795145,0.5438063511791592,0.03968497033664825,0.586937385819602,0.04469975937698578,0.5972222222222222,0.049222347629637064
278,bin_autoscale,12,50,"(64,)",0.01,False,0.581433240672371,0.03730115734033189,0.570091575091575,0.03574938633911106,0.5694223542309019,0.03351523870551988,0.5991373067669588,0.036065536039940324,0.6055555555555556,0.03747427100897789
279,bin_autoscale,12,50,"(64,)",0.01,True,0.5760333489951873,0.052034948117138616,0.5401648351648352,0.04619902289245787,0.5453170456882985,0.039049795791463705,0.589455210001501,0.04329481168054345,0.6,0.047628967220784
280,bin_autoscale,12,50,"(64,)",0.1,False,0.5882644555964824,0.05651480140829846,0.570091575091575,0.041464586645541,0.5686738235105483,0.042781811661166826,0.5986939303695894,0.0402875443522589,0.6055555555555556,0.041013397389537215
281,bin_autoscale,12,50,"(64,)",0.1,True,0.5760333489951873,0.052034948117138616,0.5401648351648352,0.04619902289245787,0.5453170456882985,0.039049795791463705,0.589455210001501,0.04329481168054345,0.6,0.047628967220784
282,bin_autoscale,12,50,"(128, 64)",0.001,False,0.5664594809149631,0.008134852769837551,0.5432600732600733,0.02133209866913856,0.5483996109865722,0.011645217658856394,0.5931231215494578,0.014279283797835544,0.6,0.01800205749557741
283,bin_autoscale,12,50,"(128, 64)",0.001,True,0.5688052753919627,0.005358427909625417,0.5313369963369964,0.0071850449445803625,0.5428270840170222,0.00451056434457965,0.5837267905034991,0.013006516924294055,0.5916666666666667,0.018002057495577376
284,bin_autoscale,12,50,"(128, 64)",0.01,False,0.5580612125166947,0.003994022732657561,0.5381318681318682,0.02253537786782052,0.5428578580535149,0.014577524851162687,0.5900816561710359,0.012758822101186923,0.5972222222222222,0.01571348402636772
285,bin_autoscale,12,50,"(128, 64)",0.01,True,0.5688052753919627,0.005358427909625417,0.5313369963369964,0.0071850449445803625,0.5428270840170222,0.00451056434457965,0.5837267905034991,0.013006516924294055,0.5916666666666667,0.018002057495577376
286,bin_autoscale,12,50,"(128, 64)",0.1,False,0.581762243011671,0.031435346611897376,0.5585164835164835,0.022276679574026695,0.5645796001536375,0.024564397218978913,0.607601119565095,0.02470595250279118,0.6138888888888889,0.023895347964007302
287,bin_autoscale,12,50,"(128, 64)",0.1,True,0.5794299454309566,0.0079479565056583,0.5365750915750915,0.010832803067289528,0.5490837510287011,0.0056369917847871485,0.5960529470481538,0.013175335921922427,0.6055555555555556,0.01712337223046936
