selection,n_lines,n_features,accuracy,balanced_accuracy,f1_macro,accuracy_std,n_lines_total
selected,10,80,0.6491666666666667,0.5877417582417582,0.6079457593502186,0.027246304540453015,274
selected,20,160,0.6575,0.5900054945054944,0.6079283096008604,0.027500000000000028,274
selected,40,320,0.655,0.5971428571428572,0.6138774839273914,0.033166247903553984,274
selected,80,640,0.6799999999999999,0.624054945054945,0.6425338834879903,0.02420973174388991,274
selected,150,1200,0.6950000000000001,0.6391758241758242,0.6518018406175198,0.025873624493766675,274
selected,250,2000,0.715,0.6697582417582418,0.6817754301449833,0.020000000000000004,274
random,10,80,0.5875,0.5056593406593406,0.520683532494725,0.03983472800905705,274
random,20,160,0.5941666666666666,0.49982417582417576,0.5146152116115382,0.029119008682760232,274
random,40,320,0.6291666666666667,0.5538846153846154,0.5697951877161449,0.031457643480294784,274
random,80,640,0.6541666666666667,0.5903626373626374,0.6056537563584004,0.027449448486667666,274
random,150,1200,0.6825,0.6203131868131868,0.6340134096932843,0.028492201662131254,274
random,250,2000,0.7175,0.661532967032967,0.6740123820856723,0.023109041039770083,274
