features,model,n_features,n_repeats,accuracy,balanced_accuracy,f1_macro,accuracy_std
full spectrum (12282 px),PCA(30) + MLP,12282,10,0.735,0.6977252747252748,0.7066333388335441,0.026299556396765823
"inflection, linear baseline",MLP (no PCA),274,10,0.5716666666666667,0.4857857142857142,0.4921571796752081,0.030322342331100396
"inflection, linear baseline",PCA(30) + MLP,274,10,0.5566666666666668,0.46994505494505495,0.4780282739308503,0.02656229575084872
"inflection, linear baseline",PCA(120) + MLP,274,10,0.6233333333333333,0.5243736263736264,0.5509089037843844,0.020344259359556194
"inflection, LIBSmethods formula",MLP (no PCA),274,10,0.6233333333333333,0.5546593406593406,0.560268972276545,0.02733536577809456
"inflection, LIBSmethods formula",PCA(30) + MLP,274,10,0.63,0.5767912087912087,0.5878419441744052,0.028915585954829136
"inflection, LIBSmethods formula",PCA(120) + MLP,274,10,0.6241666666666668,0.533021978021978,0.5584122780527,0.029685855217594804
"valleys, linear baseline",MLP (no PCA),274,10,0.5691666666666667,0.50189010989011,0.5152166839963177,0.036902649709140874
"valleys, linear baseline",PCA(30) + MLP,274,10,0.5741666666666666,0.5126483516483515,0.5367585863231469,0.019878100736460916
"valleys, linear baseline",PCA(120) + MLP,274,10,0.5925,0.4975769230769231,0.5281789781331356,0.024565671621639466
