line_id,channel,wavelength_nm,assignment,peak_px,bg_left,bg_right,b1_px,b2_px,b1_nm,b2_nm
0,1,238.1750030517578,Fe II 238.204,88,78,94,86,89,238.08200073242188,238.2220001220703
1,1,239.5240020751953,Fe II 239.563,117,108,121,116,119,239.4770050048828,239.61700439453125
2,1,240.4530029296875,Fe II 240.489,137,130,145,136,138,240.406005859375,240.49899291992188
3,1,241.05599975585938,Fe II 241.052,150,145,163,148,151,240.96299743652344,241.10299682617188
4,1,248.31500244140625,Fe I 248.327,307,295,311,304,309,248.177001953125,248.40699768066406
5,1,253.8730010986328,Fe II 253.899,428,412,440,427,430,253.82699584960938,253.96499633789062
6,1,254.92599487304688,Fe II 255.003,451,440,461,449,453,254.8350067138672,255.01800537109375
7,1,256.25201416015625,Fe II 256.254,480,461,494,478,483,256.1610107421875,256.3890075683594
8,1,258.5790100097656,Fe II 258.588,531,517,539,529,532,258.4880065917969,258.625
9,1,259.26300048828125,Fe II 259.278,546,539,552,545,550,259.2170104980469,259.44500732421875
10,1,259.8999938964844,Fe II 259.940,560,552,569,558,562,259.8089904785156,259.9909973144531
11,1,260.67401123046875,Fe II 260.709,577,569,581,576,579,260.62799072265625,260.7650146484375
12,1,261.17401123046875,Fe II 261.187,588,581,596,587,589,261.12799072265625,261.218994140625
13,1,261.7640075683594,Fe II 261.762,601,596,612,599,602,261.67401123046875,261.80999755859375
14,1,262.5820007324219,Fe II 262.567,619,612,622,617,620,262.4909973144531,262.62701416015625
15,1,263.1260070800781,Fe II 263.132,631,622,643,629,632,263.0350036621094,263.1709899902344
16,1,267.739990234375,Mn II 267.785,733,726,743,731,734,267.6499938964844,267.7860107421875
17,1,271.4330139160156,Fe II 271.441,815,806,822,814,816,271.38800048828125,271.4779968261719
18,1,271.8819885253906,Fe I 271.903,825,822,832,824,827,271.8370056152344,271.97198486328125
19,1,272.7349853515625,Fe II 272.754,844,832,855,842,846,272.6449890136719,272.82501220703125
20,1,273.9460144042969,Fe II 273.955,871,860,875,870,873,273.9010009765625,274.0350036621094
21,1,274.3039855957031,Fe II 274.320,879,875,883,877,881,274.2149963378906,274.3940124511719
22,1,274.6619873046875,Fe II 274.698,887,883,890,885,888,274.572998046875,274.7070007324219
23,1,274.9309997558594,Fe II 274.932,893,890,900,891,894,274.84100341796875,274.97601318359375
24,1,275.5570068359375,Fe II 275.574,907,900,918,906,909,275.51300048828125,275.6470031738281
25,1,276.718994140625,Fe II 276.751,933,918,953,930,935,276.5849914550781,276.8089904785156
26,1,283.57000732421875,Cr II 283.563,1087,1071,1091,1085,1088,283.4809875488281,283.614013671875
27,1,284.3219909667969,Cr II 284.325,1104,1092,1111,1103,1106,284.27801513671875,284.4110107421875
28,1,284.9859924316406,Cr II 284.983,1119,1111,1128,1117,1120,284.89801025390625,285.0299987792969
29,1,285.8699951171875,Fe II 285.834,1139,1128,1142,1137,1140,285.7820129394531,285.91400146484375
30,1,286.7090148925781,Cr II 286.765,1158,1142,1163,1157,1159,286.6650085449219,286.75299072265625
31,1,287.59100341796875,Fe II 287.680,1178,1163,1187,1177,1180,287.5469970703125,287.6789855957031
32,1,294.7879943847656,Fe I 294.788,1342,1320,1351,1340,1343,294.70098876953125,294.8320007324219
33,1,295.3999938964844,Fe II 295.377,1356,1351,1360,1354,1357,295.31201171875,295.4429931640625
34,1,296.6650085449219,Fe I 296.690,1385,1376,1389,1384,1387,296.6210021972656,296.75201416015625
35,1,297.3179931640625,Fe I 297.324,1400,1389,1403,1399,1401,297.2749938964844,297.36199951171875
36,1,298.4930114746094,Fe II 298.483,1427,1403,1441,1426,1429,298.4490051269531,298.5799865722656
37,1,299.4490051269531,Fe I 299.443,1449,1441,1456,1447,1450,299.36199951171875,299.49200439453125
38,1,300.1000061035156,Fe I 300.095,1464,1456,1487,1463,1465,300.0559997558594,300.14300537109375
39,1,302.0929870605469,Fe I 302.107,1510,1499,1514,1508,1511,302.0060119628906,302.135986328125
40,1,302.5690002441406,Fe I 302.584,1521,1514,1537,1520,1523,302.5249938964844,302.6549987792969
41,1,303.7349853515625,Fe I 303.739,1548,1543,1551,1546,1549,303.64898681640625,303.77899169921875
42,1,304.08099365234375,Fe I 304.174,1556,1551,1563,1555,1560,304.0379943847656,304.25299072265625
43,1,304.77099609375,Fe I 304.760,1572,1563,1582,1570,1573,304.68499755859375,304.8139953613281
44,1,305.8909912109375,Fe I 305.909,1598,1582,1611,1597,1600,305.8479919433594,305.97698974609375
45,1,306.7080078125,Fe I 306.724,1617,1611,1629,1616,1618,306.6650085449219,306.7510070800781
46,1,307.5679931640625,Fe I 307.572,1637,1629,1645,1636,1638,307.5249938964844,307.6109924316406
47,1,310.0119934082031,Fe I 310.066,1694,1689,1706,1693,1696,309.968994140625,310.0979919433594
48,1,312.02099609375,Cr II 312.037,1741,1724,1748,1740,1743,311.97900390625,312.10699462890625
49,1,312.4909973144531,V II 312.529,1752,1748,1758,1751,1754,312.447998046875,312.57598876953125
50,1,313.2149963378906,Mo I 313.259,1769,1758,1785,1767,1770,313.1300048828125,313.25799560546875
51,1,318.0570068359375,Fe I 318.022,1883,1868,1896,1881,1884,317.97198486328125,318.0989990234375
52,1,319.32501220703125,Fe II 319.380,1913,1905,1917,1912,1915,319.2829895019531,319.4100036621094
53,1,319.6629943847656,Fe I 319.693,1921,1917,1937,1920,1923,319.6210021972656,319.74798583984375
54,1,321.3500061035156,Fe II 321.331,1961,1937,1978,1960,1963,321.3080139160156,321.4339904785156
55,1,322.1919860839844,Fe I 322.207,1981,1978,1985,1980,1982,322.1499938964844,322.2340087890625
56,1,322.57000732421875,Fe I 322.579,1990,1985,1992,1988,1991,322.4859924316406,322.61199951171875
57,1,322.7799987792969,Fe II 322.774,1995,1992,2003,1994,1996,322.7380065917969,322.8219909667969
58,1,328.67999267578125,Fe I 328.675,2136,2124,2152,2134,2137,328.59600830078125,328.72100830078125
59,1,330.635009765625,Fe I 330.635,2183,2167,2189,2181,2184,330.5509948730469,330.6759948730469
60,1,332.3760070800781,Fe I 332.374,2225,2211,2241,2223,2227,332.2929992675781,332.4590148925781
61,1,334.23699951171875,Fe I 334.229,2270,2257,2276,2268,2271,334.1549987792969,334.27801513671875
62,1,335.8039855957031,Mo I 335.812,2308,2289,2324,2307,2310,335.76300048828125,335.8869934082031
63,1,336.7919921875,?,2332,2324,2344,2330,2333,336.7099914550781,336.8330078125
64,1,337.9830017089844,Fe I 338.011,2361,2350,2375,2359,2362,337.9010009765625,338.02398681640625
65,1,339.2539978027344,Fe I 339.265,2392,2375,2404,2390,2393,339.1730041503906,339.2950134277344
66,1,339.90899658203125,Fe I 339.933,2408,2404,2411,2406,2409,339.8280029296875,339.95001220703125
67,1,340.27801513671875,Fe I 340.329,2417,2411,2422,2414,2419,340.1549987792969,340.3590087890625
68,1,340.72698974609375,Fe I 340.746,2428,2422,2437,2426,2429,340.64599609375,340.76800537109375
69,1,341.29901123046875,Fe I 341.313,2442,2437,2447,2441,2443,341.25799560546875,341.3399963378906
70,1,342.23699951171875,Fe I 342.266,2465,2458,2473,2464,2467,342.1960144042969,342.3190002441406
71,1,342.68499755859375,Fe I 342.712,2476,2473,2483,2474,2477,342.60400390625,342.72601318359375
72,1,343.3370056152344,Ni I 343.356,2492,2483,2500,2490,2493,343.2550048828125,343.37701416015625
73,1,344.0679931640625,Fe I 344.061,2510,2500,2514,2508,2511,343.98699951171875,344.1090087890625
74,1,344.3529968261719,Fe I 344.388,2517,2514,2523,2516,2518,344.31201171875,344.39300537109375
75,1,346.5419921875,Fe I 346.586,2571,2567,2583,2570,2573,346.5010070800781,346.62298583984375
76,1,347.5119934082031,Fe I 347.545,2595,2583,2602,2594,2596,347.47198486328125,347.5530090332031
77,1,349.0450134277344,Fe I 349.057,2633,2626,2637,2631,2634,348.9649963378906,349.0849914550781
78,1,349.7300109863281,Fe I 349.784,2650,2638,2662,2649,2652,349.6889953613281,349.80999755859375
79,1,351.3370056152344,Fe I 351.382,2690,2680,2698,2689,2692,351.2969970703125,351.4169921875
80,1,352.0989990234375,Fe I 352.126,2709,2698,2713,2708,2711,352.0589904785156,352.1789855957031
81,1,352.5799865722656,Fe I 352.604,2721,2713,2727,2720,2723,352.5400085449219,352.6600036621094
82,1,354.1390075683594,Fe I 354.208,2760,2754,2773,2757,2762,354.0190124511719,354.218994140625
83,1,355.4549865722656,Fe I 355.492,2793,2773,2796,2791,2794,355.375,355.4949951171875
84,1,355.81298828125,Fe I 355.851,2802,2796,2808,2801,2804,355.77398681640625,355.89300537109375
85,1,356.489990234375,Fe I 356.538,2819,2808,2824,2818,2821,356.45001220703125,356.5690002441406
86,1,356.9670104980469,Fe I 357.010,2831,2824,2838,2830,2833,356.927001953125,357.0459899902344
87,1,357.8399963378906,Cr I 357.870,2853,2847,2856,2851,2854,357.760986328125,357.8800048828125
88,1,358.0780029296875,Fe I 358.119,2859,2856,2865,2858,2861,358.0379943847656,358.1570129394531
89,1,358.5140075683594,Fe I 358.532,2870,2865,2884,2868,2871,358.43499755859375,358.5530090332031
90,1,359.3059997558594,Cr I 359.350,2890,2884,2900,2889,2892,359.2659912109375,359.385009765625
91,1,360.4909973144531,Cr I 360.534,2920,2900,2926,2919,2922,360.45098876953125,360.57000732421875
92,1,360.84600830078125,Fe I 360.886,2929,2926,2941,2928,2931,360.8070068359375,360.92498779296875
93,1,361.83099365234375,Fe I 361.877,2954,2945,2958,2953,2956,361.7919921875,361.9100036621094
94,1,362.14599609375,Fe I 362.146,2962,2958,2974,2960,2963,362.0669860839844,362.18499755859375
95,1,363.1289978027344,Fe I 363.146,2987,2975,2997,2985,2988,363.04998779296875,363.1679992675781
96,1,363.99200439453125,Fe I 364.039,3009,2997,3020,3008,3011,363.9530029296875,364.0710144042969
97,1,364.73699951171875,Fe I 364.784,3028,3020,3040,3027,3030,364.6969909667969,364.81500244140625
98,1,367.97601318359375,Fe I 367.991,3111,3099,3114,3109,3112,367.89801025390625,368.0150146484375
99,1,368.7149963378906,Fe I 368.746,3130,3114,3141,3129,3131,368.6759948730469,368.7539978027344
100,1,370.5379943847656,Fe I 370.557,3177,3169,3179,3175,3178,370.4599914550781,370.5769958496094
101,1,370.885986328125,Fe I 370.925,3186,3179,3198,3185,3188,370.8479919433594,370.9639892578125
102,1,371.9679870605469,Fe I 371.993,3214,3208,3218,3212,3215,371.8909912109375,372.0069885253906
103,1,372.20001220703125,Fe I 372.256,3220,3218,3228,3219,3222,372.1610107421875,372.2770080566406
104,1,372.739990234375,Fe I 372.762,3234,3228,3239,3232,3235,372.6629943847656,372.77801513671875
105,1,373.4330139160156,Fe I 373.486,3252,3239,3256,3251,3254,373.3949890136719,373.510009765625
106,1,373.66400146484375,Fe I 373.713,3258,3256,3264,3257,3260,373.6260070800781,373.7409973144531
107,1,374.3179931640625,Fe I 374.336,3275,3268,3278,3273,3276,374.2409973144531,374.3559875488281
108,1,374.5480041503906,Fe I 374.556,3281,3278,3284,3279,3282,374.47100830078125,374.58599853515625
109,1,374.8940124511719,Fe I 374.949,3290,3284,3299,3289,3292,374.8550109863281,374.9700012207031
110,1,375.7749938964844,Fe I 375.823,3313,3306,3322,3312,3315,375.73699951171875,375.85198974609375
111,1,376.3500061035156,Fe I 376.379,3328,3322,3331,3326,3329,376.27301025390625,376.38800048828125
112,1,376.6940002441406,Fe I 376.719,3337,3331,3342,3336,3338,376.656005859375,376.73199462890625
113,1,379.47698974609375,Fe I 379.500,3410,3402,3413,3408,3411,379.4010009765625,379.5150146484375
114,1,379.8190002441406,Fe I 379.851,3419,3413,3430,3416,3420,379.7049865722656,379.85699462890625
115,1,381.56298828125,Fe I 381.584,3465,3453,3470,3463,3466,381.4880065917969,381.60101318359375
116,1,382.0169982910156,Fe I 382.042,3477,3470,3483,3475,3479,381.9419860839844,382.0929870605469
117,1,382.5459899902344,Fe I 382.588,3491,3483,3494,3490,3493,382.5090026855469,382.62200927734375
118,1,382.7349853515625,Fe I 382.782,3496,3494,3504,3495,3498,382.6969909667969,382.8110046386719
119,1,383.37701416015625,Fe I 383.422,3513,3506,3522,3512,3515,383.3389892578125,383.4519958496094
120,1,384.05499267578125,Fe I 384.105,3531,3522,3541,3529,3533,383.97900390625,384.1300048828125
121,1,384.9570007324219,Fe I 384.997,3555,3550,3565,3554,3557,384.9200134277344,385.0320129394531
122,1,385.59600830078125,Fe I 385.637,3572,3565,3576,3571,3574,385.5580139160156,385.6709899902344
123,1,385.97100830078125,Fe I 385.991,3582,3576,3588,3580,3583,385.89599609375,386.00799560546875
124,1,386.5329895019531,Fe I 386.552,3597,3588,3605,3595,3598,386.4580078125,386.57000732421875
125,1,387.20599365234375,Fe I 387.250,3615,3605,3624,3614,3617,387.16900634765625,387.281005859375
126,1,387.8039855957031,Fe I 387.857,3631,3624,3638,3629,3633,387.72900390625,387.87799072265625
127,1,388.6239929199219,Fe I 388.628,3653,3638,3663,3651,3654,388.54998779296875,388.6619873046875
128,1,389.927001953125,Fe I 389.971,3688,3681,3692,3687,3690,389.8900146484375,390.0010070800781
129,1,390.260986328125,Fe I 390.295,3697,3692,3703,3696,3699,390.2239990234375,390.3349914550781
130,1,392.2619934082031,Fe I 392.291,3751,3748,3755,3750,3753,392.2250061035156,392.33599853515625
131,2,392.7460021972656,Fe I 392.792,4272,4252,4288,4271,4273,392.6780090332031,392.81500244140625
132,2,396.86199951171875,Fe I 396.926,4332,4317,4347,4331,4334,396.7929992675781,396.99798583984375
133,2,400.48699951171875,Fe I 400.524,4385,4378,4389,4383,4387,400.3500061035156,400.6239929199219
134,2,403.0119934082031,Fe I 403.049,4422,4405,4432,4421,4423,402.9440002441406,403.08099365234375
135,2,404.5119934082031,Fe I 404.581,4444,4432,4456,4443,4446,404.4440002441406,404.64801025390625
136,2,406.2820129394531,Fe I 406.359,4470,4456,4478,4469,4472,406.2139892578125,406.4179992675781
137,2,407.0979919433594,Fe I 407.174,4482,4478,4493,4481,4484,407.0299987792969,407.2340087890625
138,2,411.8500061035156,Fe I 411.854,4552,4544,4560,4550,4553,411.7139892578125,411.9179992675781
139,2,413.1369934082031,Fe I 413.206,4571,4560,4581,4570,4573,413.0690002441406,413.2720031738281
140,2,414.3550109863281,Fe I 414.387,4589,4581,4596,4587,4590,414.218994140625,414.4219970703125
141,2,415.4360046386719,Fe I 415.481,4605,4596,4622,4603,4606,415.3009948730469,415.5039978027344
142,2,418.7439880371094,Fe I 418.780,4654,4639,4663,4652,4655,418.6090087890625,418.8110046386719
143,2,419.8219909667969,Fe I 419.909,4670,4663,4673,4669,4672,419.7550048828125,419.9570007324219
144,2,420.15899658203125,Fe I 420.203,4675,4673,4683,4674,4677,420.0920104980469,420.29400634765625
145,2,422.71600341796875,Fe I 422.743,4713,4697,4718,4711,4714,422.58099365234375,422.7829895019531
146,2,423.5889892578125,Fe I 423.594,4726,4718,4734,4725,4727,423.5220031738281,423.656005859375
147,2,424.9989929199219,Fe I 425.079,4747,4737,4750,4746,4749,424.9320068359375,425.13299560546875
148,2,425.4010009765625,Cr I 425.435,4753,4750,4757,4751,4754,425.2669982910156,425.468994140625
149,2,426.0050048828125,Fe I 426.047,4762,4757,4768,4761,4764,425.93798828125,426.1390075683594
150,2,427.1440124511719,Fe I 427.176,4779,4768,4781,4777,4780,427.010009765625,427.21099853515625
151,2,427.4119873046875,Cr I 427.481,4783,4781,4789,4782,4785,427.3450012207031,427.5459899902344
152,2,428.9519958496094,Cr I 428.973,4806,4799,4816,4804,4807,428.8179931640625,429.0190124511719
153,2,429.88800048828125,Fe I 429.924,4820,4816,4824,4818,4821,429.7539978027344,429.9549865722656
154,2,430.7569885253906,Fe I 430.790,4833,4824,4840,4831,4834,430.62298583984375,430.822998046875
155,2,432.5589904785156,Fe I 432.576,4860,4847,4870,4858,4861,432.42498779296875,432.6260070800781
156,2,433.8919982910156,Cr I 433.945,4880,4870,4884,4879,4882,433.82598876953125,434.0249938964844
157,2,434.42498779296875,Cr I 434.450,4888,4884,4892,4886,4889,434.2919921875,434.49200439453125
158,2,435.1579895019531,Cr I 435.176,4899,4892,4915,4897,4900,435.02398681640625,435.2239990234375
159,2,438.2820129394531,Fe I 438.354,4946,4932,4962,4945,4948,438.21600341796875,438.4150085449219
160,2,440.4049987792969,Fe I 440.475,4978,4969,4988,4977,4980,440.3389892578125,440.5379943847656
161,2,441.46600341796875,Fe I 441.512,4994,4988,5001,4993,4995,441.39898681640625,441.5320129394531
162,2,446.6210021972656,Fe I 446.655,5072,5056,5080,5070,5073,446.489013671875,446.6860046386719
163,2,447.5429992675781,Fe I 447.602,5086,5080,5091,5085,5088,447.4779968261719,447.67498779296875
164,2,452.8039855957031,Fe I 452.861,5166,5152,5174,5165,5167,452.7380065917969,452.8689880371094
165,2,454.04998779296875,Cr I 454.070,5185,5174,5188,5183,5186,453.91900634765625,454.114990234375
166,2,454.50799560546875,Cr I 454.595,5192,5188,5200,5190,5194,454.37701416015625,454.6390075683594
167,2,459.9989929199219,Cr I 460.075,5276,5272,5285,5275,5278,459.9330139160156,460.1289978027344
168,2,461.56201171875,Cr I 461.612,5300,5289,5307,5299,5301,461.49700927734375,461.62701416015625
169,2,462.53900146484375,Cr I 462.617,5315,5307,5319,5314,5317,462.4739990234375,462.66900634765625
170,2,464.5539855957031,Cr I 464.616,5346,5335,5351,5345,5348,464.489013671875,464.6839904785156
171,2,465.13800048828125,Cr I 465.216,5355,5351,5364,5353,5356,465.00799560546875,465.2030029296875
172,2,470.77099609375,Cr I 470.801,5442,5434,5463,5440,5443,470.6419982910156,470.8349914550781
173,2,473.6730041503906,Fe I 473.677,5487,5480,5500,5485,5488,473.54400634765625,473.7380065917969
174,2,475.5400085449219,Cr I 475.612,5516,5500,5522,5515,5518,475.4750061035156,475.6679992675781
175,2,478.87799072265625,Fe I 478.965,5568,5555,5576,5567,5569,478.8139953613281,478.9419860839844
176,2,485.968994140625,Fe I 485.974,5679,5663,5684,5677,5680,485.8420104980469,486.0329895019531
177,2,487.114990234375,Fe I 487.132,5697,5684,5712,5695,5699,486.9880065917969,487.24200439453125
178,2,489.0849914550781,Fe I 489.149,5728,5715,5740,5726,5730,488.9580078125,489.2120056152344
179,2,492.0010070800781,Fe I 492.050,5774,5762,5791,5772,5776,491.8739929199219,492.12701416015625
180,2,495.7279968261719,Fe I 495.760,5833,5818,5849,5831,5834,495.60198974609375,495.7909851074219
181,2,498.3110046386719,Fe II 498.449,5874,5861,5894,5871,5875,498.12200927734375,498.3739929199219
182,2,500.572998046875,Fe I 500.612,5910,5894,5917,5908,5912,500.4469909667969,500.697998046875
183,2,501.7640075683594,Fe II 501.844,5929,5917,5941,5928,5930,501.7019958496094,501.8269958496094
184,2,504.95599365234375,Fe I 504.982,5980,5972,5997,5978,5981,504.83099365234375,505.01800537109375
185,2,513.9099731445312,Fe I 513.946,6124,6108,6133,6122,6125,513.7860107421875,513.9719848632812
186,2,516.6909790039062,Fe I 516.749,6169,6156,6184,6167,6171,516.5679931640625,516.8150024414062
187,2,519.156005859375,Fe I 519.234,6209,6193,6219,6207,6210,519.0330200195312,519.218017578125
188,2,520.5089721679688,Cr I 520.602,6231,6219,6233,6228,6232,520.3250122070312,520.5700073242188
189,2,520.7550048828125,Cr I 520.841,6235,6233,6243,6234,6237,520.6929931640625,520.8779907226562
190,2,522.656982421875,Fe I 522.719,6266,6255,6271,6264,6267,522.5339965820312,522.718017578125
191,2,523.27001953125,Fe I 523.294,6276,6271,6287,6274,6277,523.14697265625,523.3309936523438
192,2,526.8770141601562,Fe I 526.954,6335,6319,6351,6334,6337,526.8159790039062,526.9990234375
193,2,529.739990234375,Cr I 529.827,6382,6369,6399,6379,6383,529.5570068359375,529.801025390625
194,2,532.3510131835938,Fe I 532.418,6425,6418,6428,6424,6426,532.2899780273438,532.4119873046875
195,2,532.7750244140625,Fe I 532.804,6432,6428,6445,6430,6433,532.6539916992188,532.8359985351562
196,2,534.531005859375,Cr I 534.580,6461,6445,6470,6459,6462,534.4099731445312,534.5910034179688
197,2,537.0670166015625,Fe I 537.149,6503,6487,6509,6501,6505,536.947021484375,537.18798828125
198,2,538.27197265625,Fe I 538.337,6523,6509,6535,6521,6524,538.1519775390625,538.3330078125
199,2,539.656005859375,Fe II 539.585,6546,6535,6549,6544,6547,539.5360107421875,539.7160034179688
200,2,540.4970092773438,Fe I 540.577,6560,6549,6563,6556,6561,540.2570190429688,540.5570068359375
201,2,540.9180297851562,Cr I 540.978,6567,6563,6583,6565,6568,540.7969970703125,540.97802734375
202,2,542.2969970703125,Ti I 542.238,6590,6583,6595,6589,6592,542.2369995117188,542.4169921875
203,2,542.89599609375,Fe II 542.999,6600,6595,6605,6599,6602,542.8359985351562,543.0159912109375
204,2,543.375,Fe I 543.452,6608,6605,6617,6607,6609,543.3150024414062,543.4349975585938
205,2,544.6309814453125,Fe II 544.580,6629,6617,6636,6627,6630,544.510986328125,544.6900024414062
206,2,545.4669799804688,Fe II 545.593,6643,6636,6652,6641,6645,545.3469848632812,545.5859985351562
207,2,550.583984375,Fe II 550.620,6729,6717,6733,6727,6731,550.4660034179688,550.7030029296875
208,2,553.2490234375,Mo I 553.303,6774,6758,6781,6772,6775,553.1309814453125,553.3079833984375
209,2,557.2000122070312,Fe I 557.284,6841,6807,6857,6840,6843,557.1409912109375,557.3179931640625
210,2,558.6110229492188,Fe I 558.676,6865,6857,6880,6864,6867,558.552001953125,558.72802734375
211,2,561.4819946289062,Fe I 561.564,6914,6899,6926,6913,6916,561.4240112304688,561.5989990234375
212,2,576.2520141601562,Fe I 576.299,7169,7163,7179,7168,7170,576.1939697265625,576.3090209960938
213,2,578.9990234375,Fe II 579.069,7217,7179,7249,7216,7219,578.9420166015625,579.1129760742188
214,2,588.8660278320312,Na I 588.995,7391,7384,7395,7390,7393,588.8099975585938,588.97900390625
215,2,589.4849853515625,Na I 589.592,7402,7395,7416,7401,7403,589.4290161132812,589.5419921875
216,2,591.3389892578125,V II 591.460,7435,7419,7449,7434,7437,591.2830200195312,591.4509887695312
217,2,596.8690185546875,Sn I 597.029,7534,7511,7555,7532,7536,596.7579956054688,596.9810180664062
218,2,600.0880126953125,Fe II 600.108,7592,7573,7611,7590,7593,599.9769897460938,600.1430053710938
219,2,604.0050048828125,V I 603.973,7663,7650,7672,7662,7666,603.9500122070312,604.1699829101562
220,2,607.3510131835938,Al II 607.320,7724,7720,7729,7722,7725,607.2420043945312,607.406005859375
221,2,608.0079956054688,V I 608.144,7736,7729,7746,7734,7739,607.8980102539062,608.1719970703125
222,2,609.3720092773438,Fe I 609.364,7761,7746,7781,7759,7763,609.2630004882812,609.4810180664062
223,3,613.697021484375,Fe I 613.769,8453,8441,8468,8450,8454,613.4030151367188,613.7949829101562
224,3,619.0889892578125,?,8508,8503,8520,8507,8510,618.9910278320312,619.2849731445312
225,3,623.0009765625,V I 623.080,8548,8536,8555,8547,8550,622.9030151367188,623.1959838867188
226,3,625.2459716796875,C II 625.384,8571,8555,8592,8570,8573,625.1489868164062,625.4420166015625
227,3,633.5230102539062,Fe I 633.682,8656,8642,8673,8654,8660,633.3280029296875,633.9110107421875
228,3,639.3419799804688,Cu II 639.396,8716,8711,8718,8715,8717,639.2459716796875,639.4390258789062
229,3,639.9229736328125,Fe I 640.000,8722,8718,8740,8720,8724,639.72998046875,640.1170043945312
230,3,649.4829711914062,Fe II 649.521,8821,8802,8837,8819,8823,649.2899780273438,649.6749877929688
231,3,656.3070068359375,H I 656.279,8892,8837,8946,8891,8895,656.2109985351562,656.594970703125
232,3,667.781982421875,Fe II 667.884,9012,9001,9022,9010,9013,667.5910034179688,667.8770141601562
233,3,688.1480102539062,Fe II 688.234,9227,9223,9244,9225,9228,687.9600219726562,688.2420043945312
234,3,697.8159790039062,Cr I 697.840,9330,9304,9360,9329,9331,697.7230224609375,697.9099731445312
235,3,718.7329711914062,Fe I 718.732,9555,9539,9572,9554,9556,718.6409912109375,718.8250122070312
236,3,720.6710205078125,Ar I 720.698,9576,9572,9586,9574,9578,720.4860229492188,720.85498046875
237,3,735.5349731445312,Cr I 735.589,9738,9726,9750,9736,9739,735.3519897460938,735.6259765625
238,3,740.0009765625,Cr I 740.018,9787,9779,9794,9785,9788,739.8189697265625,740.0919799804688
239,3,742.3660278320312,N I 742.364,9813,9802,9822,9811,9815,742.1840209960938,742.5469970703125
240,3,744.27197265625,N I 744.229,9834,9822,9847,9832,9835,744.0910034179688,744.3629760742188
241,3,746.8109741210938,N I 746.831,9862,9847,9881,9860,9864,746.6300048828125,746.9920043945312
242,3,751.0609741210938,Fe I 751.102,9909,9899,9923,9907,9911,750.8809814453125,751.2420043945312
243,3,758.5360107421875,Fe II 758.664,9992,9981,10000,9990,9993,758.3569946289062,758.6259765625
244,3,766.4169921875,K I 766.490,10080,10072,10100,10079,10081,766.3270263671875,766.5059814453125
245,3,777.2659912109375,O I 777.194,10202,10170,10231,10199,10205,777.0,777.531005859375
246,3,783.1859741210938,?,10269,10260,10278,10268,10270,783.0969848632812,783.2739868164062
247,3,794.7689819335938,Ar I 794.818,10401,10357,10439,10398,10403,794.5070190429688,794.9429931640625
248,3,799.9119873046875,Co II 799.784,10460,10447,10476,10458,10461,799.7379760742188,799.9990234375
249,3,818.7260131835938,N I 818.802,10678,10646,10689,10676,10680,818.5540161132812,818.89697265625
250,3,820.0089721679688,N I 820.036,10693,10689,10698,10691,10695,819.8380126953125,820.1799926757812
251,3,821.6329956054688,N I 821.634,10712,10698,10734,10710,10713,821.4619750976562,821.718994140625
252,3,824.1920166015625,N I 824.239,10742,10734,10756,10740,10744,824.02197265625,824.3629760742188
253,3,832.5969848632812,Fe II 832.533,10841,10827,10861,10840,10843,832.5130004882812,832.7659912109375
254,3,838.6699829101562,Fe II 838.791,10913,10899,10919,10911,10915,838.5020141601562,838.8380126953125
255,3,844.6259765625,O I 844.636,10984,10956,11012,10982,10986,844.458984375,844.7930297851562
256,3,856.68701171875,N I 856.774,11129,11105,11150,11127,11130,856.52197265625,856.77001953125
257,3,859.4130249023438,N I 859.400,11162,11150,11176,11159,11164,859.166015625,859.5780029296875
258,3,862.9539794921875,N I 862.924,11205,11179,11227,11202,11206,862.7069702148438,863.0360107421875
259,3,866.072998046875,Ca II 866.214,11243,11227,11248,11241,11246,865.9089965820312,866.3179931640625
260,3,867.9559936523438,N I 868.028,11266,11248,11287,11264,11268,867.7919921875,868.1190185546875
261,3,870.2429809570312,N I 870.325,11294,11287,11299,11292,11296,870.0800170898438,870.406005859375
262,3,871.0590209960938,N I 871.170,11304,11299,11310,11302,11306,870.89599609375,871.2219848632812
263,3,871.7930297851562,N I 871.883,11313,11310,11322,11312,11315,871.7109985351562,871.9559936523438
264,3,882.3280029296875,Co II 882.491,11443,11409,11463,11442,11444,882.2470092773438,882.4089965820312
265,3,899.8159790039062,Fe I 899.956,11662,11648,11667,11661,11664,899.7369995117188,899.9739990234375
266,3,902.0280151367188,?,11690,11674,11694,11689,11692,901.948974609375,902.1859741210938
267,3,904.5490112304688,?,11722,11694,11738,11720,11723,904.3920288085938,904.6279907226562
268,3,906.1209716796875,C I 906.247,11742,11738,11762,11741,11744,906.0430297851562,906.2789916992188
269,3,926.5349731445312,O I 926.601,12005,11955,12026,11999,12009,926.0750122070312,926.8419799804688
270,3,928.3729858398438,?,12029,12026,12041,12027,12030,928.219970703125,928.4500122070312
271,3,938.7130126953125,N I 938.680,12165,12153,12168,12161,12166,938.4110107421875,938.7890014648438
272,3,939.2420043945312,N I 939.279,12172,12168,12222,12170,12174,939.0910034179688,939.3930053710938
273,3,944.6580200195312,Fe II 944.668,12244,12229,12281,12241,12246,944.4329833984375,944.8079833984375
