wl_from,wl_to,b1,b2,b3,b4,b5,b6,b7,b8,b9,b10,mean_all_blocks
234.0,244.0,0.057090197,0.047097027,0.028012909,0.027984554,0.02188336,0.01781375,0.02891633,0.038053494,0.038788155,0.054827917,0.036046766
244.0,254.0,0.024545355,0.017324941,0.0009031599,0.010423858,0.0018484552,0.0023130337,0.0046384535,0.009831176,0.010246963,0.0064582494,0.008853365
254.0,264.0,0.058512244,0.033904944,-0.0012014018,0.010540389,0.005461024,0.00527946,0.011250974,0.01788344,0.014453556,0.009229178,0.016531382
264.0,274.0,0.042761695,0.0076587815,-0.005893816,0.0015935064,0.0041182395,0.007105377,0.010257843,0.0119845215,0.0043094624,0.010491696,0.009438731
274.0,284.0,0.083031945,0.055220883,0.0139668565,0.029585842,0.050651778,0.04844965,0.068698615,0.065608166,0.071620926,0.0939211,0.058075577
284.0,294.0,0.062540755,0.041481744,0.009812153,0.020634783,0.03221476,0.028492237,0.04241141,0.044553522,0.033073567,0.050033025,0.0365248
294.0,304.0,0.05547833,0.034130942,0.0038230722,0.012209047,0.02246162,0.02092599,0.025202354,0.036105536,0.028477658,0.037726507,0.027654106
304.0,314.0,0.04621678,0.016261725,-0.000100712714,0.0059418213,0.011661623,0.01034308,0.02198351,0.030254135,0.017616559,0.034988828,0.019516733
314.0,324.0,0.024228556,0.016500898,0.0028698076,0.008862283,0.012136503,0.01037649,0.014536583,0.016522095,0.008635657,0.0139627475,0.012863162
324.0,334.0,0.01988153,0.0062048133,-0.0014010234,0.0022783587,0.0032037874,0.0039409325,0.013118855,0.013875176,0.0031789583,0.015387278,0.007966867
334.0,344.0,0.019866943,0.005956123,0.004856423,0.0045845252,0.0058901077,0.0027218894,0.014830082,0.018917968,0.006964464,0.020414008,0.010500254
344.0,354.0,0.015228254,0.009703442,0.0035909947,-0.0016460274,0.007459305,0.014552204,0.009451314,0.011972591,0.01752859,0.023990892,0.011183157
354.0,364.0,0.013205674,0.008280495,0.003284772,-0.0015361492,0.012267982,0.012454288,0.0073778266,-0.0018499562,0.0066414266,0.01025273,0.007037909
364.0,374.0,-0.0009451481,0.0091496715,-0.00040434673,-0.00521105,-0.0036649927,-0.0019973333,-0.000116610776,5.0535127e-05,0.0074944,0.009074498,0.0013429623
374.0,384.0,0.016619664,0.025351308,0.004427411,0.0055944384,-0.0010025309,0.0048885574,0.009195319,0.007575343,0.02481226,0.020718206,0.011817997
384.0,394.0,0.05666978,0.0481148,0.022194333,0.031088421,0.03351039,0.030602178,0.033262778,0.03351644,0.04889623,0.04908494,0.038694028
394.0,404.0,0.078316495,0.03905276,0.022904051,0.01934005,0.038390238,0.028911801,0.033133574,0.030412512,0.032542024,0.049305685,0.037230916
404.0,414.0,0.030955987,0.015489816,0.0110516595,0.010182432,0.015735911,0.01100889,0.011191914,0.011995679,0.015587727,0.023797123,0.015699714
414.0,424.0,0.008372578,0.016702622,0.015695354,0.00853447,0.013984038,0.014380937,0.014742182,0.004443127,0.012284061,0.012949136,0.012208851
424.0,434.0,0.01859747,0.013738181,0.0052389186,0.008390913,0.014755322,0.009854656,0.0115196025,0.01319689,0.013968843,0.020519363,0.0129780155
434.0,444.0,0.05043907,0.013339115,0.0007713339,0.0046637137,0.006098549,0.0013285571,0.006214073,0.01762811,0.01803257,0.026235683,0.014475077
444.0,454.0,0.018649848,0.0041468637,-0.000894393,0.0027750314,0.0040211035,0.000105765794,0.005285597,0.009778331,0.013412784,0.017320666,0.0074601597
454.0,464.0,0.025761034,0.009914011,0.0038021803,0.0045950334,0.00051856827,-0.0025966612,0.0023352166,0.0051614395,0.010893787,0.011809809,0.007219442
464.0,474.0,0.019764425,0.009869191,0.0018723545,0.0054394314,0.002235594,-0.0015024785,0.004048123,0.009972055,0.010412066,0.013885823,0.0075996583
474.0,484.0,0.005934912,0.00012497824,-4.6910725e-05,0.0012220789,0.0017217881,0.0018637776,0.0017358023,0.00033498774,0.004683224,0.004316175,0.0021890814
484.0,494.0,0.024455551,0.019467253,0.004923334,0.00920291,0.008865386,0.0015846236,0.0055155857,0.006334304,0.0052680904,0.009989855,0.009560689
494.0,504.0,0.044278767,0.02640433,0.008270579,0.01227219,0.011980895,0.006593961,0.010614907,0.008938215,0.0127665065,0.015374484,0.015749484
504.0,514.0,0.016558291,0.017548362,0.007264883,0.0049725254,0.0036582355,0.0037599965,0.004385909,-0.0014735309,0.009072887,0.010527498,0.007627506
514.0,524.0,0.020047873,0.035058476,0.011026258,0.013775484,0.008308991,-0.00037651908,0.0031412027,0.0012377008,0.010897818,0.018564396,0.012168167
524.0,534.0,0.009426263,0.02110579,0.010488891,0.008571398,0.0113248145,0.009293435,0.009580542,0.004946316,0.017628677,0.014937097,0.011730323
534.0,544.0,0.06367694,0.02364277,0.010585705,0.017644584,0.019029645,0.008184454,0.012924073,0.011338965,0.010320366,0.0065666316,0.018391412
544.0,554.0,0.009014611,0.010470938,0.008204273,0.00411285,0.0074974657,0.0076557514,0.0020768405,0.0022053665,0.011933683,0.008805038,0.007197681
554.0,564.0,0.012334566,0.010437609,0.0067023435,0.0063127484,0.0051166653,0.0005965585,0.004385746,0.007220855,0.008338061,0.010420527,0.007186568
564.0,574.0,0.005100976,0.004708731,0.002830694,0.0017488454,0.00044634615,-0.00050056906,-0.00087439903,-0.00013920791,0.004735418,0.0012306913,0.0019287525
574.0,584.0,0.008288045,0.008326111,0.0017212328,0.00023939887,0.0014203329,0.0017177402,-0.00043482214,-0.0014472124,0.0063527217,-0.001789461,0.0024394088
584.0,594.0,0.07304673,0.0041544097,0.00081442937,-0.002802329,-0.0015198367,-0.003687707,0.00042323163,0.011781573,0.01801246,0.008449649,0.010867261
594.0,604.0,0.13249925,0.020758046,0.004499211,0.01975996,0.005817138,0.0019954776,0.014693215,0.034811877,0.029701464,0.02447533,0.028901096
604.0,614.0,0.098880135,0.0070944023,0.0014375125,0.004724023,0.001537264,-0.0013110886,0.008416411,0.027600516,0.020723559,0.019336445,0.018843917
614.0,624.0,0.054397944,0.007617265,0.003729871,0.004098013,0.0061470917,0.0031719408,0.007122855,0.021860532,0.016453685,0.020128386,0.014472758
624.0,634.0,0.04129715,-0.00378036,-0.0032556083,-0.001173373,0.003397803,-0.00072304776,0.0074717705,0.015178566,0.010688543,0.015859017,0.008496045
634.0,644.0,0.026702013,-0.004714139,-0.0031001072,-0.0038254943,0.0041196025,0.00091445056,0.0084923925,0.0062443735,0.0036456296,0.0075951614,0.0046073883
644.0,654.0,0.02509749,0.002925023,0.008883762,0.008147786,0.011163894,0.0028192683,0.013726741,0.016819902,0.012973485,0.013903561,0.011646091
654.0,664.0,0.04023827,0.025464972,0.03136637,0.022988206,0.03606228,0.026435208,0.0425031,0.044765275,0.047486067,0.042980533,0.036029026
664.0,674.0,0.030954657,-0.0013667408,0.0077500143,0.0060641444,0.007882183,0.0034900378,0.00501035,0.0005549804,0.0020434547,0.0022841983,0.0064667286
674.0,684.0,0.035264183,0.008684325,0.01622986,0.01636692,0.007949132,0.004830572,0.010121209,0.0099280365,0.010897586,0.012152742,0.013242456
684.0,694.0,0.042536378,0.003187745,0.0073486613,0.0060521737,0.002270136,-0.00030786433,0.004290186,0.009007176,0.005645328,0.0114948135,0.009152474
694.0,704.0,0.041759625,0.010588104,0.012373815,0.012933929,0.0044560875,0.0019163848,0.008586401,0.012191087,0.01150667,0.014194651,0.013050675
704.0,714.0,0.052235723,0.022848567,0.015758181,0.020847473,0.007994551,0.0058276337,0.014401078,0.017371189,0.016587654,0.015169857,0.018904192
714.0,724.0,0.030336926,0.0035427536,-0.00058637856,0.0011497296,0.00025764128,-0.0021287277,0.0023401836,0.0070359483,0.0005892226,0.004304834,0.0046842126
724.0,734.0,0.029081387,0.0073225554,0.0057795336,0.0070548323,0.002226931,0.0013332735,0.0039567114,0.007036503,0.006743794,0.0067535867,0.007728911
734.0,744.0,0.03645775,0.005553661,0.004831477,0.0016242289,0.0014328413,0.0009652645,0.005886182,0.00784226,0.003079907,0.007211523,0.007488509
744.0,754.0,0.024293363,0.004289826,-0.0015730046,-0.0021540758,0.002891729,0.00048495902,0.0105532,0.011027834,0.0057374598,0.00940631,0.0064957603
754.0,764.0,0.009272252,0.0050929696,0.00032355444,0.0014603877,0.0014023617,0.0007082737,0.0012371809,0.0017114213,0.0012218737,0.0025926263,0.00250229
764.0,774.0,-0.002460263,0.0049304995,0.0061201444,0.0011763592,0.00039109337,0.0003483327,0.000535862,0.0047232937,0.0057899905,0.006621461,0.0028176773
774.0,784.0,0.025166191,0.0029062342,-0.0002042549,0.00041689337,0.016963275,0.014480558,0.023599962,0.022687713,0.020766731,0.017514888,0.014429818
784.0,794.0,0.03573173,0.014811838,0.010781977,0.0131498035,0.0064877365,0.004214636,0.008727178,0.014091922,0.0132965185,0.01118445,0.013247779
794.0,804.0,0.016166367,0.004180766,-0.00046495904,-0.00039743722,0.0018710294,9.99551e-05,0.0030360876,0.005714479,0.002900127,0.0024531907,0.0035559605
804.0,814.0,0.043344297,0.022523368,0.013716255,0.020407222,0.012870035,0.01229521,0.019580314,0.025814615,0.019315097,0.023474984,0.021334138
814.0,824.0,0.009909482,0.0011405464,0.0036766483,0.0045207893,-0.00045933746,0.00014756077,-0.0010667962,0.0062629054,0.0027839947,0.0027202268,0.002963602
824.0,834.0,0.010642274,0.0015712274,-0.0016423383,-0.002280177,0.000668723,-0.00051538454,0.0022295818,0.0061107655,-0.0005655395,0.0026538193,0.001887295
834.0,844.0,-0.0013234464,0.006675101,0.003942796,0.0016518252,0.0028659662,0.0031906075,0.0075870906,0.0061215144,0.0069921953,0.013716665,0.0051420312
844.0,854.0,0.017669786,0.003003321,0.0062153516,0.0026670939,0.013348852,0.010818093,0.022064153,0.011726861,0.019360382,0.023976548,0.013085043
854.0,864.0,0.018446553,0.005767384,0.0019174275,-0.002468452,0.0064415084,0.009117297,0.012174555,0.0014112671,0.007163756,0.0073945047,0.0067365803
864.0,874.0,0.008421067,-0.0018313602,0.0085962275,0.0016998356,0.007488798,0.0073290267,0.013694207,0.0033720129,0.009383506,0.0025179286,0.006067125
874.0,884.0,0.00577852,0.00648426,0.005952776,0.0021579957,0.0043070316,0.0036888276,0.012458107,0.002195889,0.00748919,0.011327979,0.0061840573
884.0,894.0,0.0012453638,0.010323314,0.0119805755,0.012933474,0.006374867,0.0051109525,0.011338005,0.013406505,0.010007189,0.01697281,0.009969305
894.0,904.0,0.027260374,0.019620242,0.017521173,0.009391597,0.015041456,0.012973022,0.01732341,0.01980134,0.0156082995,0.022852754,0.017739367
904.0,914.0,0.014464627,-0.00045699265,0.00063087547,0.0018885093,0.0130296815,0.017975328,0.022522591,0.0010241217,0.011304804,0.0040800795,0.008646362
914.0,924.0,0.0077379583,0.0027631386,0.0022366126,0.0026303635,0.0052350773,0.0015936922,-0.0012753295,0.0041709477,0.00016867186,0.0024069247,0.0027668057
924.0,934.0,0.0016768381,0.0052069174,0.001972971,-0.0042435294,0.001074873,0.007844748,-0.0018086599,0.012362996,0.006740275,0.0038595416,0.0034686972
934.0,944.0,0.0057502273,0.010438623,0.005309493,0.00863473,0.02345414,0.02465061,0.028134432,0.047252793,0.023809016,0.016345207,0.019377926
944.0,954.0,0.0053463327,0.005708288,0.002801195,-0.0016806137,0.0007641021,0.0016781519,0.007156861,0.010476645,0.0045074024,0.011324166,0.004808253
