model,repeat,seed,sample_id,y_true,p1,p2,p3,p4,p5
ae_pca_mlp,0,ensemble,train_001,2,4.162720653625594e-06,0.9999817846131336,2.724085074230877e-06,1.4356938426837434e-06,9.892887295897602e-06
ae_pca_mlp,0,ensemble,train_002,5,0.0008026701661664097,0.009344999819269463,0.009555023852263885,0.0972538581970126,0.8830434479652877
ae_pca_mlp,0,ensemble,train_003,2,0.00016754708497753688,0.007808324537472986,0.9919510299582184,4.174906591704801e-05,3.134935341402794e-05
ae_pca_mlp,0,ensemble,train_004,4,4.213246088541283e-05,5.368112722337426e-05,0.0009923218373719509,0.9988731562204299,3.870835408938025e-05
ae_pca_mlp,0,ensemble,train_005,5,1.4203654406253419e-05,0.00011663870182869609,0.9982828403855682,0.0008301854336554334,0.0007561318245412983
ae_pca_mlp,0,ensemble,train_006,2,7.187383175660987e-05,0.9999013666500798,7.34316896984503e-06,7.067946174356126e-06,1.2348403019450845e-05
ae_pca_mlp,0,ensemble,train_007,2,0.0005212198362881779,0.37134494201369167,0.6279378917352703,7.771321372494973e-05,0.00011823320102496485
ae_pca_mlp,0,ensemble,train_008,5,0.0005508166198780443,0.00025198401228095665,0.08456813254486457,0.052617709648077785,0.8620113571748986
ae_pca_mlp,0,ensemble,train_009,3,0.0006380035031581759,0.03893692393572299,0.8771532725634372,0.08309802142938433,0.00017377856829734438
ae_pca_mlp,0,ensemble,train_010,2,1.1254937198976226e-05,0.9999845004898953,1.2911791318639658e-06,1.0281907781658158e-06,1.9252029957638346e-06
ae_pca_mlp,0,ensemble,train_011,3,2.6579583746397972e-06,0.011440240498074595,0.9885456065471938,2.8205140507621144e-06,8.674482306301068e-06
ae_pca_mlp,0,ensemble,train_012,5,0.0011416722007762622,0.448889245953373,0.002663729363474408,0.22009353173538185,0.3272118207469945
ae_pca_mlp,0,ensemble,train_013,2,1.333698363069048e-07,1.4963590926667945e-07,0.9999985637743067,9.55524182591983e-07,1.9769576510650788e-07
ae_pca_mlp,0,ensemble,train_014,5,0.00015652648947491913,0.0020358463466187034,0.000132950564465879,0.0003869384131724639,0.997287738186268
ae_pca_mlp,0,ensemble,train_015,3,0.00013279468562575584,0.9607311969808727,0.03900479662708523,5.163186214342804e-05,7.957984427284134e-05
ae_pca_mlp,0,ensemble,train_016,4,0.00040120505263411784,0.00016960811003140323,3.2139808924157786e-05,0.0019532213596826394,0.9974438256687277
ae_pca_mlp,0,ensemble,train_017,2,0.9965771837280781,0.0009750898232335494,0.0019972086252828957,0.00030859285101866526,0.00014192497238694942
ae_pca_mlp,0,ensemble,train_018,5,0.03339381952999944,0.0001492687246784854,0.00012037901305985964,0.0008417809179060536,0.9654947518143562
ae_pca_mlp,0,ensemble,train_019,3,7.805243709266212e-05,0.00998900307218931,0.9898704797718538,3.1647025716981046e-05,3.0817693147197205e-05
ae_pca_mlp,0,ensemble,train_020,2,8.722453727528929e-05,0.9999117806649777,7.6290173848066e-08,7.858285094152226e-07,1.3267906391295192e-07
ae_pca_mlp,0,ensemble,train_021,5,1.536750972858484e-05,1.4463475375856037e-05,0.08791245165642603,0.0001016637274823201,0.9119560536309872
ae_pca_mlp,0,ensemble,train_022,4,0.8164827520798611,0.098357827971699,0.00011671990859139718,0.05211787257862015,0.03292482746122839
ae_pca_mlp,0,ensemble,train_023,3,9.450833296441107e-08,4.524403069372428e-08,0.9999916338903767,7.558489171252254e-06,6.678680884157633e-07
ae_pca_mlp,0,ensemble,train_024,5,0.002558652637926518,0.3792912790948448,0.006774550617267693,0.00032667814550361264,0.6110488395044574
ae_pca_mlp,0,ensemble,train_025,5,0.0005908712568054365,4.1021073076258734e-05,0.5944128485113291,0.34265073429646176,0.062304524862327466
ae_pca_mlp,0,ensemble,train_026,3,1.0748602424241357e-06,5.552778853646944e-08,0.9999805223929824,1.7698233128955755e-05,6.489858577391776e-07
ae_pca_mlp,0,ensemble,train_027,2,1.5454707481865818e-05,0.9999310087877804,4.344037826960972e-05,4.470502919461614e-06,5.625623548677695e-06
ae_pca_mlp,0,ensemble,train_028,4,6.943831421238802e-05,2.577293638706169e-05,0.1128456137305523,0.8870048496096214,5.432540922685926e-05
ae_pca_mlp,0,ensemble,train_029,2,3.723013629515621e-05,0.999943166353795,1.2627866927330117e-05,6.630857546214256e-07,6.312557228018189e-06
ae_pca_mlp,0,ensemble,train_030,5,1.8959428291328968e-07,8.306754672684733e-08,0.9997881477725724,7.536553843889726e-07,0.00021082591021365178
ae_pca_mlp,0,ensemble,train_031,4,9.760296795044291e-05,7.500106768589891e-06,0.002529562339655716,0.9973412898517691,2.4044733856122984e-05
ae_pca_mlp,0,ensemble,train_032,3,0.00014269886461741008,0.5398834867900165,1.2737359907615023e-05,0.0001426402707425475,0.45981843671471595
ae_pca_mlp,0,ensemble,train_033,1,0.7277511351185757,0.2511704427166912,5.297469487436134e-06,0.021031789349180152,4.133534606553857e-05
ae_pca_mlp,0,ensemble,train_034,2,1.823986852201177e-05,0.0015027942458884797,0.9983322357447333,1.766179650700661e-05,0.00012906834434911124
ae_pca_mlp,0,ensemble,train_035,2,0.0016837324137883463,0.9982389037141234,5.787470725201773e-05,5.073942719496742e-06,1.4415222116634113e-05
ae_pca_mlp,0,ensemble,train_036,2,0.00017098305420949978,0.73453892010074,0.26521318578374137,1.3666830368207817e-05,6.324423094107828e-05
ae_pca_mlp,0,ensemble,train_037,2,2.005391145082206e-05,0.9999597166416263,3.5051844719660936e-06,3.6873817849137195e-06,1.3036880666003906e-05
ae_pca_mlp,0,ensemble,train_038,3,3.911293002121986e-05,7.042822253231233e-05,0.9865535928721374,0.013147933646696678,0.00018893232861239072
ae_pca_mlp,0,ensemble,train_039,3,0.0019253693390144577,0.8155663305263618,0.003789527860462101,0.0005232806092424802,0.17819549166491905
ae_pca_mlp,0,ensemble,train_040,2,7.804143702831522e-06,0.999961867043822,2.198335106879247e-05,1.6426693357504405e-06,6.702792070726127e-06
ae_pca_mlp,0,ensemble,train_041,3,4.706355564101211e-08,1.3291816710270234e-07,0.9999996728677729,9.270073091701135e-08,5.444977341930906e-08
ae_pca_mlp,0,ensemble,train_042,2,0.00023502119200573775,4.8071991989583156e-05,0.000460061477058465,0.9967923865737137,0.0024644587652323685
ae_pca_mlp,0,ensemble,train_043,4,0.2130971621931626,0.0016263435260380605,0.7278818449001422,0.05160253114199778,0.005792118238659379
ae_pca_mlp,0,ensemble,train_044,3,5.8587920896137754e-06,0.0009820024176276755,0.9989973195245667,9.823616360388113e-06,4.995649355623555e-06
ae_pca_mlp,0,ensemble,train_045,3,4.2233799166421775e-07,3.7658121670141567e-06,0.999990284488008,4.354802006459772e-06,1.1725598268626854e-06
ae_pca_mlp,0,ensemble,train_046,4,5.357417208009184e-06,0.9999910729865318,9.255088589072178e-07,2.8470602152398615e-07,2.359381379643409e-06
ae_pca_mlp,0,ensemble,train_047,2,0.0007847077447116738,0.9078901319895941,0.09093250975569199,0.000159842982233058,0.00023280752776912592
ae_pca_mlp,0,ensemble,train_048,4,0.00011989336490303619,6.827608803715623e-05,0.0005584090821131484,0.9992326193984118,2.080206653476355e-05
ae_pca_mlp,0,ensemble,train_049,2,1.3889640620217554e-05,0.9999839837481852,1.1426398927284546e-06,2.715346787573075e-07,7.124366230923684e-07
ae_pca_mlp,0,ensemble,train_050,4,0.009697637813320364,0.04430079485191187,0.9431810863542969,0.0009745639635018587,0.0018459170169690098
ae_pca_mlp,0,ensemble,train_051,3,0.0002847056834662812,0.05781101468627769,0.9417981979620892,5.13218583080775e-05,5.4759809858842404e-05
ae_pca_mlp,0,ensemble,train_052,3,0.00033247645528684474,8.507006474947255e-06,0.1129619223021054,0.8866561810104492,4.09132256835776e-05
ae_pca_mlp,0,ensemble,train_053,3,6.787229158150623e-05,0.405240030648611,0.5946534674583348,1.0672952804600638e-05,2.7956648668104343e-05
ae_pca_mlp,0,ensemble,train_054,2,6.079130782016403e-05,0.9957098224162102,0.004195592810669585,8.128649674985915e-06,2.5664815625120134e-05
ae_pca_mlp,0,ensemble,train_055,3,3.271324208171882e-05,1.286790908867363e-06,0.9161960428623371,0.08376018362538153,9.773479290871768e-06
ae_pca_mlp,0,ensemble,train_056,1,0.983543100744901,0.016441492822390564,6.15671819618551e-07,8.744208432541657e-06,6.046552456300571e-06
ae_pca_mlp,0,ensemble,train_057,1,1.4334609816673046e-05,0.9999851716606785,5.29677303375445e-08,1.3656273729439853e-07,3.0419903729453033e-07
ae_pca_mlp,0,ensemble,train_058,1,0.997217655386064,0.0025375177303785406,9.520008323943853e-06,0.0002135232750196465,2.1783600213888504e-05
ae_pca_mlp,0,ensemble,train_059,2,0.0008301388984174466,0.9980042901994333,1.3204170351909916e-07,0.001163946811431221,1.4920490146349552e-06
ae_pca_mlp,0,ensemble,train_060,3,0.1624525487675288,0.00021317847014957618,0.8366351430910697,0.0005042214228403773,0.0001949082484117226
ae_pca_mlp,0,ensemble,train_061,2,1.543115254818015e-05,0.999983623783868,5.728353707169705e-07,1.1240633322002729e-07,2.5982187996445315e-07
ae_pca_mlp,0,ensemble,train_062,3,9.165504343911446e-05,0.08413192028825292,0.9156247239974588,8.129220183506367e-05,7.040846901414559e-05
ae_pca_mlp,0,ensemble,train_063,2,0.435038695778295,0.17675329652640306,0.002124680140546993,0.38407303333506393,0.002010294219691084
ae_pca_mlp,0,ensemble,train_064,2,0.00015293085550101819,0.8850473956205249,0.11466602872880093,3.362362369772783e-05,0.00010002117147531745
ae_pca_mlp,0,ensemble,train_065,3,0.0006626503427310483,0.20015906839220496,0.7988697788128383,0.00016344595680500346,0.00014505649542073136
ae_pca_mlp,0,ensemble,train_066,2,0.011159018447608294,0.00044390224292213014,6.776237117999675e-05,0.9881928683618391,0.00013644857645044844
ae_pca_mlp,0,ensemble,train_067,3,0.00043515772938631706,0.00019119896461392317,0.9991311238862863,0.0002154129990540526,2.7106420659331537e-05
ae_pca_mlp,0,ensemble,train_068,3,0.00046728237258190393,0.2075125291451243,0.791531310455053,0.0002482083079325028,0.00024066971930826404
ae_pca_mlp,0,ensemble,train_069,2,0.9999272349904154,6.970465778872934e-05,2.2359012959435198e-08,2.8547036622473623e-06,1.8328912064668422e-07
ae_pca_mlp,0,ensemble,train_070,2,0.0003870134098269538,0.178590755427585,0.8208277914018018,9.648617772190625e-05,9.795358306428024e-05
ae_pca_mlp,0,ensemble,train_071,4,0.029075342201506968,0.010900360429643347,0.04968720758599061,0.9086395384056375,0.0016975513772215845
ae_pca_mlp,0,ensemble,train_072,4,0.5646029175299944,0.0015011048636393934,0.0038984801952254853,0.23113199717310012,0.19886550023804053
ae_pca_mlp,0,ensemble,train_073,2,0.6013687349917988,0.39238721491650463,0.0010055584736612605,0.004626433920447977,0.0006120576975873544
ae_pca_mlp,0,ensemble,train_074,3,8.9016971161052e-07,0.0003285342802528744,0.9996696401453886,4.1328164824126114e-07,5.221229986102002e-07
ae_pca_mlp,0,ensemble,train_075,2,3.9050607551109e-05,0.03148598113304677,0.9683058344694799,0.0001294487817066288,3.9685008215660476e-05
ae_pca_mlp,0,ensemble,train_076,2,1.407921948066479e-05,0.9999641314927858,1.2297969117847201e-05,1.2421714010652646e-06,8.249147214536448e-06
ae_pca_mlp,0,ensemble,train_077,3,3.852903733244413e-06,1.7783706709738045e-05,0.9999565233264122,8.237027679924614e-06,1.3603035464938286e-05
ae_pca_mlp,0,ensemble,train_078,3,7.560798897663753e-05,0.8190894668215141,0.00016204081403070375,1.0726885924689644e-05,0.18066215748955386
ae_pca_mlp,0,ensemble,train_079,2,0.9725101149965762,0.027471034550579844,2.281895599403893e-06,5.024842375596407e-06,1.1543714868970146e-05
ae_pca_mlp,0,ensemble,train_080,1,0.025972690840199097,0.9733899043792692,0.0005944644397391388,7.287837442586188e-06,3.565250335000404e-05
ae_pca_mlp,0,ensemble,train_081,3,1.1270086161163686e-05,8.70988877951059e-05,0.9998918817441073,7.680226382911995e-06,2.069055553597648e-06
ae_pca_mlp,0,ensemble,train_082,3,1.6207464597957558e-06,0.9962065137930741,2.7483477780778986e-06,1.4649833224558924e-06,0.0037876521293655377
ae_pca_mlp,0,ensemble,train_083,1,0.005871095598491758,0.12547949315841658,0.8447686750605722,0.010751363316083618,0.013129372866435778
ae_pca_mlp,0,ensemble,train_084,5,9.124595866179192e-06,8.378249647003677e-06,0.9948887540964638,7.968411766483491e-05,0.00501405894035814
ae_pca_mlp,0,ensemble,train_085,3,2.8316932199781595e-05,0.02034348471607123,0.002214264808940634,1.7219638813582482e-05,0.9773967139039748
ae_pca_mlp,0,ensemble,train_086,2,7.144625416330657e-07,0.9999991368409832,3.2247940916439518e-09,7.390001387048827e-09,1.3808167972045155e-07
ae_pca_mlp,0,ensemble,train_087,3,0.00022814616887766273,2.5150694633295398e-05,0.056726738028830555,0.9429352653694539,8.469973820445367e-05
ae_pca_mlp,0,ensemble,train_088,2,1.8283827508172797e-06,3.7527349390759656e-08,0.9999949745615708,8.689957978356813e-07,2.2905325310961745e-06
ae_pca_mlp,0,ensemble,train_089,2,0.010639629131822719,0.03488268359425168,0.9266126111502838,0.02690097213613462,0.0009641039875071891
ae_pca_mlp,0,ensemble,train_090,4,0.0038054350496088034,0.00012869564178279776,0.321352432737158,0.6699296202152045,0.004783816356245816
ae_pca_mlp,0,ensemble,train_091,2,6.615941666036534e-07,5.813929792210288e-05,0.9999385820182034,1.7080084390424774e-06,9.090812688032612e-07
ae_pca_mlp,0,ensemble,train_092,2,0.00014305580607895164,0.9983610553093752,0.0007171016632836495,0.000713586637890727,6.520058337141944e-05
ae_pca_mlp,0,ensemble,train_093,3,1.7483465181278224e-05,0.9953656503641451,0.00010981137630143703,2.0137441168397262e-05,0.004486917353203655
ae_pca_mlp,0,ensemble,train_094,3,0.0006140905377358113,0.002082349711224965,0.9972372550834201,1.541056660294052e-05,5.089410101620607e-05
ae_pca_mlp,0,ensemble,train_095,3,2.6726573780875472e-06,1.083546093165694e-05,0.9993625251602001,7.550857455763814e-06,0.0006164158640344279
ae_pca_mlp,0,ensemble,train_096,2,5.9752963536719716e-06,0.9999861413468719,4.737542726516879e-06,2.223299705510914e-07,2.923484077508372e-06
ae_pca_mlp,0,ensemble,train_097,3,0.00520944861642926,0.3332079762621872,0.6597923691733999,0.00011262843559639593,0.0016775775123874055
ae_pca_mlp,0,ensemble,train_098,1,0.00011074045506579074,0.0024760602998984325,0.4554544995591789,0.5412276000336564,0.0007310996522004495
ae_pca_mlp,0,ensemble,train_099,3,1.954932391330866e-05,1.8634852709430096e-05,0.99773411443926,0.002220638748647471,7.062635469814216e-06
ae_pca_mlp,0,ensemble,train_100,5,0.00014632180439256518,0.00030021791294376147,0.0024587683177540987,9.84498731977729e-05,0.9969962420917119
ae_pca_mlp,0,ensemble,train_101,2,0.00017888476478705755,0.999589157335874,0.00022534379515368332,1.6218392768959155e-06,4.992264908386688e-06
ae_pca_mlp,0,ensemble,train_102,2,0.0019673663973470592,0.9976076678454788,7.78199659162963e-05,0.0002466229501987262,0.00010052284105913619
ae_pca_mlp,0,ensemble,train_103,3,3.479242326776425e-06,9.484497809794662e-06,0.9990404494302375,0.0009452390497348617,1.347779891061709e-06
ae_pca_mlp,0,ensemble,train_104,1,0.9737519388349175,0.02507043906066642,0.0002797644368218089,0.0008399461221186524,5.7911545475616744e-05
ae_pca_mlp,0,ensemble,train_105,4,0.023075298518508154,0.9421761740662089,0.0003500690906789234,0.01855411242044472,0.015844345904159444
ae_pca_mlp,0,ensemble,train_106,1,0.99608553226842,0.0035300191276369072,0.00010433899845773036,0.00025456356880834317,2.5546036677122733e-05
ae_pca_mlp,0,ensemble,train_107,3,5.90475454879594e-06,5.850423125293655e-05,0.999927715919052,6.529234614058258e-06,1.3458605320955132e-06
ae_pca_mlp,0,ensemble,train_108,1,0.05075997763701359,0.8851673954873915,0.0001803758388817611,0.0638705405718169,2.1710464896392806e-05
ae_pca_mlp,0,ensemble,train_109,3,2.2204954651638405e-08,1.4252324477585092e-05,0.9999854850648086,6.427352927119271e-08,1.76132229892972e-07
ae_pca_mlp,0,ensemble,train_110,1,0.443190591591569,0.5567963587990532,1.412509577575493e-07,1.1003602844214985e-05,1.9047555758748875e-06
ae_pca_mlp,0,ensemble,train_111,3,0.00036593626522240207,0.12406862550171179,0.8753209002988642,0.00013087893473359642,0.00011365899946791269
ae_pca_mlp,0,ensemble,train_112,1,0.9987078584615755,0.001212987303150654,1.6247603394622704e-05,5.091632854298271e-05,1.1990303336221611e-05
ae_pca_mlp,0,ensemble,train_113,3,0.00034984955040010126,8.722710430142955e-05,9.933700287576804e-05,0.9988551360897056,0.0006084502527173222
ae_pca_mlp,0,ensemble,train_114,3,0.0035785708335067078,0.0005586056977318723,0.24367040531437006,0.19420983392467622,0.5579825842297151
ae_pca_mlp,0,ensemble,train_115,3,2.8793475654257444e-08,4.176377461220306e-08,0.9999997905003948,1.2957179336138196e-07,9.370561692997877e-09
ae_pca_mlp,0,ensemble,train_116,4,2.2223449966579107e-05,4.421595805915067e-05,0.9996825306575821,0.0002396102339876293,1.1419700404487423e-05
ae_pca_mlp,0,ensemble,train_117,1,0.9808287944125121,0.019079509413039278,2.252397399643764e-05,3.536099135905632e-05,3.381120909320715e-05
ae_pca_mlp,0,ensemble,train_118,2,0.005441423624334128,0.9944386537596016,2.8856558815894877e-05,5.288507647012948e-05,3.8180980778213836e-05
ae_pca_mlp,0,ensemble,train_119,2,0.001214773739435885,0.9976775383718375,0.0009727585981652751,8.277269543001017e-05,5.215659513138029e-05
ae_pca_mlp,0,ensemble,train_120,5,0.00018323511256008331,1.610666040243486e-05,0.9604970319441082,0.013547689303573737,0.0257559369793556
ae_pca_mlp,1,ensemble,train_001,2,2.7796211410273493e-05,0.9999690702695199,1.396463716309592e-07,4.967132253210722e-07,2.4971594728599603e-06
ae_pca_mlp,1,ensemble,train_002,5,3.499323655934281e-06,0.003323721550159205,0.9884041746026921,0.008129799819080033,0.00013880470441270934
ae_pca_mlp,1,ensemble,train_003,2,0.0001288408528290934,0.0004671384458590543,0.9993691994328983,1.7016837968431614e-05,1.7804430445222198e-05
ae_pca_mlp,1,ensemble,train_004,4,6.853791469929406e-05,0.00021828419956066228,0.0017910695356173794,0.9978938503058535,2.8258044269273993e-05
ae_pca_mlp,1,ensemble,train_005,5,2.722148131021851e-05,2.7888822075522274e-05,0.9951277665036881,0.00472731276497853,8.981042794755776e-05
ae_pca_mlp,1,ensemble,train_006,2,0.0008984225900950848,0.9990918520902674,1.4330736940517395e-06,5.460697939086494e-06,2.8315480044543552e-06
ae_pca_mlp,1,ensemble,train_007,2,0.0011418283124923015,0.5410012068660245,0.45754357236047916,1.3433689558310491e-05,0.00029995877144575294
ae_pca_mlp,1,ensemble,train_008,5,8.16567675393805e-06,7.679402509093788e-06,0.061524766117561414,0.011934566498172433,0.9265248223050031
ae_pca_mlp,1,ensemble,train_009,3,0.000529745013107987,0.9993042496766953,2.290220786473924e-05,0.00013754070234747238,5.56239998443901e-06
ae_pca_mlp,1,ensemble,train_010,2,4.659325747802263e-05,0.9999098414664724,1.9588058735309625e-05,8.237903835586318e-06,1.57393134787146e-05
ae_pca_mlp,1,ensemble,train_011,3,3.257485318422844e-05,0.07336719889389148,0.9265422055051991,9.827783712355228e-06,4.81929640129409e-05
ae_pca_mlp,1,ensemble,train_012,5,0.0375786937364431,0.1618861436439481,0.006350649852361727,0.03881846290107197,0.7553660498661752
ae_pca_mlp,1,ensemble,train_013,2,3.898014185045164e-05,8.040334244725447e-05,0.9997958985121604,6.677170527494636e-05,1.7946298266846318e-05
ae_pca_mlp,1,ensemble,train_014,5,4.795728125071585e-05,0.12292178200807244,0.001004160490038127,0.00041478171285845084,0.8756113185077803
ae_pca_mlp,1,ensemble,train_015,3,0.0007028436052940912,0.07390594761231126,0.9252197194844158,9.944029228082057e-05,7.20490056979705e-05
ae_pca_mlp,1,ensemble,train_016,4,0.030818778833988425,0.00025945584495688437,0.00013515005749975025,0.0031632468513105396,0.9656233684122444
ae_pca_mlp,1,ensemble,train_017,2,0.9715508330152334,0.026759430091255774,0.0009368793312260111,0.0002557227403050344,0.0004971348219797751
ae_pca_mlp,1,ensemble,train_018,5,1.8872176142434607e-05,8.806654138974313e-05,0.0030097378223506843,1.40387905942433e-05,0.9968692846695228
ae_pca_mlp,1,ensemble,train_019,3,0.0001630007673353599,0.1664223809371831,0.8331716237514408,0.00012160435213319685,0.00012139019190756029
ae_pca_mlp,1,ensemble,train_020,2,0.0003244545921983177,0.9996679911000966,1.4492975491909013e-06,2.9276409691251318e-06,3.1773691868867237e-06
ae_pca_mlp,1,ensemble,train_021,5,1.3234622378405701e-06,2.914927693954852e-07,0.00040581710108678304,1.481152738492733e-05,0.9995777564165211
ae_pca_mlp,1,ensemble,train_022,4,0.1094856672938675,0.00023318908715001644,0.00013212433166174316,0.5548766759412622,0.3352723433460586
ae_pca_mlp,1,ensemble,train_023,3,0.00010403335611459655,7.41584253891784e-05,0.9996464427250671,0.00013854828314011972,3.6817210288837596e-05
ae_pca_mlp,1,ensemble,train_024,5,0.006382717417665344,0.005793570186184889,0.8749633616212883,0.0020861469377296956,0.11077420383713177
ae_pca_mlp,1,ensemble,train_025,5,6.3940003830680925e-06,1.202008022796247e-06,0.00021523043540544825,0.00016742011801273575,0.9996097534381759
ae_pca_mlp,1,ensemble,train_026,3,2.176387746801577e-05,1.3991423551974232e-05,0.9997508655630415,0.00021097750583414006,2.4016301042261607e-06
ae_pca_mlp,1,ensemble,train_027,2,4.168648336453405e-06,0.9968033937943868,0.0031796240139515338,1.5394057889863259e-06,1.1274137536268543e-05
ae_pca_mlp,1,ensemble,train_028,4,2.282259702150267e-05,1.0053480240999923e-06,0.5550435013586752,0.44492601408822263,6.656608056534548e-06
ae_pca_mlp,1,ensemble,train_029,2,2.22885711054431e-05,0.9999751910014725,4.30554368338497e-07,2.976122878090626e-07,1.7922607657931319e-06
ae_pca_mlp,1,ensemble,train_030,5,1.6836242949541425e-06,5.3736719035973346e-06,0.9999186899682901,4.693284890732451e-06,6.955945062049756e-05
ae_pca_mlp,1,ensemble,train_031,4,0.0007769495075911066,0.0009350207115408968,0.31432112305963655,0.6838901550331596,7.675168807176097e-05
ae_pca_mlp,1,ensemble,train_032,3,5.903761753062737e-06,6.236287082840228e-06,0.1443474599946157,0.0002291051312274926,0.8554112948253209
ae_pca_mlp,1,ensemble,train_033,1,0.9776075112854472,0.022223675112793682,1.7732589164827114e-06,0.00015726251287212484,9.777829970257089e-06
ae_pca_mlp,1,ensemble,train_034,2,5.66770920729179e-06,0.3785611376744706,0.6213519834173971,7.938281900676961e-06,7.327291702431644e-05
ae_pca_mlp,1,ensemble,train_035,2,0.8489192080577854,0.04901596569127563,0.06301913917909109,0.0052490788856132155,0.03379660818623467
ae_pca_mlp,1,ensemble,train_036,2,1.5011994175676666e-05,0.011347957492409981,0.9883942677776094,8.799798221749862e-06,0.0002339629375830788
ae_pca_mlp,1,ensemble,train_037,2,0.0001592061769673544,0.9997292641271911,2.2811211264846958e-05,5.9091330358432085e-05,2.962715421823709e-05
ae_pca_mlp,1,ensemble,train_038,3,2.7779615871281527e-06,4.418727846035409e-06,0.9998018692874822,2.2275698057437062e-05,0.00016865832502711907
ae_pca_mlp,1,ensemble,train_039,3,1.9221388864952213e-05,0.0065544042508848405,0.9931502896597527,0.00011151252285201877,0.00016457217764541838
ae_pca_mlp,1,ensemble,train_040,2,2.7927623530803597e-07,0.9999916713017374,7.662273174327364e-06,4.922055174907911e-08,3.3792830133834317e-07
ae_pca_mlp,1,ensemble,train_041,3,8.38859237262698e-08,4.939262130499964e-07,0.9999990584978207,2.392766552650244e-07,1.2441338730113664e-07
ae_pca_mlp,1,ensemble,train_042,2,0.00020536645245259117,1.918419177766565e-05,0.0001367713243828318,0.06608084287757807,0.9335578351538089
ae_pca_mlp,1,ensemble,train_043,4,0.45340183077527796,0.017282231806587604,0.31548543966407233,0.17202146091858972,0.04180903683547233
ae_pca_mlp,1,ensemble,train_044,3,1.831476744503326e-06,6.810243885582177e-05,0.9999256947828598,3.7267301546044695e-06,6.4457138531571e-07
ae_pca_mlp,1,ensemble,train_045,3,2.162696559188741e-06,4.6863619319533786e-06,0.9999470236854848,2.183870160734473e-05,2.428855441673705e-05
ae_pca_mlp,1,ensemble,train_046,4,2.7423286462237413e-05,0.9999604586684929,9.413079258697586e-06,9.649464924501933e-07,1.7400192935466855e-06
ae_pca_mlp,1,ensemble,train_047,2,0.00025664962565291773,0.99771869040759,0.0019709993767047167,1.1272752097888957e-05,4.2387837954362175e-05
ae_pca_mlp,1,ensemble,train_048,4,7.224894811189771e-06,4.106981018732563e-05,0.003090875239418773,0.9968580479186275,2.782136955106532e-06
ae_pca_mlp,1,ensemble,train_049,2,0.00046601617994178205,0.9993908919577066,8.471455040369464e-05,2.6978556458948586e-05,3.139875548911041e-05
ae_pca_mlp,1,ensemble,train_050,4,0.00014352274711811145,0.0011062349189915625,0.6481095267055178,0.0009587770949228682,0.34968193853344964
ae_pca_mlp,1,ensemble,train_051,3,0.00029546036501864725,0.8771722185036578,0.122390690290382,3.8128019647768735e-05,0.00010350282129372031
ae_pca_mlp,1,ensemble,train_052,3,9.194812844637285e-05,1.5377783122132675e-05,0.842998617733714,0.15687639902664036,1.765732807707409e-05
ae_pca_mlp,1,ensemble,train_053,3,0.00026724306267872263,0.11250897967699838,0.8868874802437974,0.00016658720661341124,0.00016970980991217065
ae_pca_mlp,1,ensemble,train_054,2,4.968695677280092e-05,0.9998341126502922,9.921098437412414e-05,8.44885168271641e-06,8.540556878101659e-06
ae_pca_mlp,1,ensemble,train_055,3,1.6161292157658177e-05,1.383106425609423e-05,0.9998101940146727,0.00015425932095171338,5.5543079617198e-06
ae_pca_mlp,1,ensemble,train_056,1,0.9998658968576832,5.221141727567379e-05,4.2944332502764614e-06,5.749347951930886e-05,2.0103812271545148e-05
ae_pca_mlp,1,ensemble,train_057,1,1.298450095598937e-06,0.9999981050095774,2.4272648099537705e-07,5.0014046509621934e-08,3.0379979945313866e-07
ae_pca_mlp,1,ensemble,train_058,1,0.968886330612225,0.030875610732207386,3.681434946808627e-05,0.00016374212406321785,3.750218203633492e-05
ae_pca_mlp,1,ensemble,train_059,2,0.6084540683829206,0.3883924515764314,1.5173530808307402e-05,0.003065362422617363,7.294408722236621e-05
ae_pca_mlp,1,ensemble,train_060,3,7.155801252788565e-06,0.9994301058642893,0.0005613422073615054,1.194567976489892e-07,1.2766702986588483e-06
ae_pca_mlp,1,ensemble,train_061,2,0.0012747093015511534,0.9986982098221133,1.4936576802865144e-05,5.195719578184753e-06,6.948579954346596e-06
ae_pca_mlp,1,ensemble,train_062,3,1.691175653495544e-05,0.009377950062316131,0.9905797639385783,2.1465699602694043e-05,3.9085429679354476e-06
ae_pca_mlp,1,ensemble,train_063,2,0.004808204323332905,4.515396948145097e-05,1.8526450178121982e-05,0.994421324353392,0.0007067909036154664
ae_pca_mlp,1,ensemble,train_064,2,2.423198948335118e-05,0.9728764278386741,0.0270898633410962,2.2785149871849053e-06,7.198315759153098e-06
ae_pca_mlp,1,ensemble,train_065,3,2.500091667052932e-05,0.2667305688644398,0.7332026961146234,1.0581958939335577e-05,3.1152145326993565e-05
ae_pca_mlp,1,ensemble,train_066,2,0.002845200287195368,0.0004703481062618732,0.0001558835772852018,0.9960340073805937,0.0004945606486638846
ae_pca_mlp,1,ensemble,train_067,3,2.362683403811634e-05,4.719535889587694e-05,0.9999068899061428,2.040100476525359e-05,1.8868961578925839e-06
ae_pca_mlp,1,ensemble,train_068,3,0.00021150305440956007,0.9786192123475553,0.021025217172045755,5.8714083404788386e-05,8.535334258449705e-05
ae_pca_mlp,1,ensemble,train_069,2,0.997041314006293,0.002602636074847991,1.3728348724077614e-05,1.9106442460200226e-05,0.00032321512767462853
ae_pca_mlp,1,ensemble,train_070,2,5.960727573226466e-05,0.00043197311687567515,0.9994949044337771,9.273777051998648e-06,4.2413965630275185e-06
ae_pca_mlp,1,ensemble,train_071,4,0.00010549152821339082,0.0005071168931987313,0.7517648566819282,0.24757753954515602,4.499535150381198e-05
ae_pca_mlp,1,ensemble,train_072,4,0.008373802865410694,0.10743035087468052,0.0004659189424614809,0.8813930707023242,0.002336856615123145
ae_pca_mlp,1,ensemble,train_073,2,0.0006294000122159794,0.9971535488041352,0.001837008967200057,0.0003292066106250789,5.083560582375376e-05
ae_pca_mlp,1,ensemble,train_074,3,1.6791614389537759e-06,5.099111923022566e-05,0.9999456270101039,1.2233784996860904e-06,4.793307272739911e-07
ae_pca_mlp,1,ensemble,train_075,2,2.0989830653517986e-06,0.9999858888831462,1.044363652114192e-05,3.336994660232055e-07,1.2347978013141215e-06
ae_pca_mlp,1,ensemble,train_076,2,1.1664083173211565e-06,0.999995002217599,2.5123136746346372e-06,3.523217332213992e-07,9.667386759022154e-07
ae_pca_mlp,1,ensemble,train_077,3,1.5520813859805396e-07,5.086330309004198e-06,0.999865945892642,5.783316087705556e-08,0.00012875473574957096
ae_pca_mlp,1,ensemble,train_078,3,3.7928267032325404e-05,0.0002764828803818152,0.0004187907177306819,2.7759530271391024e-06,0.9992640221818281
ae_pca_mlp,1,ensemble,train_079,2,0.9979819782173571,0.0020110755276317627,3.3689523021116003e-07,4.863452462261082e-06,1.745907318634383e-06
ae_pca_mlp,1,ensemble,train_080,1,0.30943097301331823,0.009655721389588031,0.6782766123306359,0.001931402940377535,0.0007052903260803675
ae_pca_mlp,1,ensemble,train_081,3,6.139614524838353e-05,0.37033645248750796,0.6294748339930751,1.5036294573508737e-05,0.00011228107959514236
ae_pca_mlp,1,ensemble,train_082,3,1.7708725084147204e-05,0.9973851000896844,3.649626784732799e-05,8.57509732349097e-05,0.00247494394414925
ae_pca_mlp,1,ensemble,train_083,1,5.4964586442457515e-06,0.0010573153949927881,0.9987162556751842,0.00013438020562685552,8.655226555193922e-05
ae_pca_mlp,1,ensemble,train_084,5,3.982335933386609e-06,7.048320531564825e-05,0.9998535535656288,3.135156595235533e-05,4.0629327169733925e-05
ae_pca_mlp,1,ensemble,train_085,3,0.015251448446442883,0.8550604882603288,0.003531478248436853,0.007928934758233343,0.11822765028655807
ae_pca_mlp,1,ensemble,train_086,2,0.00027246288616742303,0.9822915546154848,0.01715278110080109,5.3563117720969734e-05,0.00022963827982571154
ae_pca_mlp,1,ensemble,train_087,3,1.4607265467496683e-05,4.0309074330300896e-05,0.00016685827970106904,0.9997667963929534,1.1428987547756091e-05
ae_pca_mlp,1,ensemble,train_088,2,0.027704326657896537,0.00032236273473872296,0.09050168349609747,0.015978706992342384,0.865492920118925
ae_pca_mlp,1,ensemble,train_089,2,2.0825061199672396e-05,7.542475156850702e-05,0.9885923388160509,0.01126228810023079,4.912327095013643e-05
ae_pca_mlp,1,ensemble,train_090,4,0.0194958803395317,0.002656489327225133,0.9342106708150789,0.04239444816523545,0.001242511352928941
ae_pca_mlp,1,ensemble,train_091,2,5.22205365411138e-05,0.037367745232417926,0.9625408837911329,2.561895706750813e-05,1.3531482840628628e-05
ae_pca_mlp,1,ensemble,train_092,2,0.0004146756155043676,0.47512986639619537,0.23513293186456044,0.2883029922397193,0.001019533884020427
ae_pca_mlp,1,ensemble,train_093,3,4.4861498166458084e-07,0.00014710152717390895,0.999845994571441,4.3136610482305565e-06,2.1416253553357924e-06
ae_pca_mlp,1,ensemble,train_094,3,0.00012730046496641517,0.003264441523726692,0.9965283532468214,4.084938383359886e-06,7.581982610200454e-05
ae_pca_mlp,1,ensemble,train_095,3,5.642723715475927e-06,1.5080779937466554e-05,0.9999587087437437,1.2783838094550171e-05,7.783914508946372e-06
ae_pca_mlp,1,ensemble,train_096,2,1.7433863218563165e-05,0.9997882644939854,1.952432812687545e-05,0.00012507670630726523,4.9700608361858254e-05
ae_pca_mlp,1,ensemble,train_097,3,3.5230049376227933e-06,8.966164849349382e-05,0.9994710882601479,6.570044998015169e-06,0.00042915704142315944
ae_pca_mlp,1,ensemble,train_098,1,9.346023625728656e-08,1.3967668316388244e-06,0.9999906849076629,7.66814383423555e-06,1.567214348683312e-07
ae_pca_mlp,1,ensemble,train_099,3,1.209420255812663e-05,4.1638513034713735e-05,0.9987985023565883,0.0011445506696847285,3.2142581341969333e-06
ae_pca_mlp,1,ensemble,train_100,5,5.7266615262023136e-05,0.002238012539101833,8.238002310174191e-05,2.8440272856329293e-05,0.9975939005496781
ae_pca_mlp,1,ensemble,train_101,2,1.0358833201103456e-08,4.4204462477192155e-06,0.9999954859650682,1.2642435314690499e-08,7.058741550291163e-08
ae_pca_mlp,1,ensemble,train_102,2,0.00011669103134353149,0.9996688140035979,4.724060145309346e-05,0.00011690716929171033,5.034719431384025e-05
ae_pca_mlp,1,ensemble,train_103,3,4.1206837674349134e-05,8.924700122573957e-05,0.9997263624400998,0.0001366887066624871,6.49501433744552e-06
ae_pca_mlp,1,ensemble,train_104,1,0.00017727025310156086,0.9998169202336247,3.4708559429828324e-06,3.2089220798637725e-07,2.017765122800114e-06
ae_pca_mlp,1,ensemble,train_105,4,0.002791785482415203,0.8921938925664402,0.0024368144731537573,0.035933028643936084,0.06664447883405482
ae_pca_mlp,1,ensemble,train_106,1,0.9996887441685116,5.058285801903569e-05,3.6393632130366296e-06,0.0002457293476334472,1.1304262622863478e-05
ae_pca_mlp,1,ensemble,train_107,3,6.6957466177971886e-06,4.3578968824218714e-05,0.9999447202815179,3.937069811416314e-06,1.067933228640383e-06
ae_pca_mlp,1,ensemble,train_108,1,0.10918306369594566,0.8902078971544721,3.863098652346737e-05,0.0005691564844679787,1.2516785908001851e-06
ae_pca_mlp,1,ensemble,train_109,3,2.3214191182543104e-08,1.0376466842255856e-06,0.9999988912675879,1.3025690705000797e-08,3.4845845923565074e-08
ae_pca_mlp,1,ensemble,train_110,1,0.01851600163422338,0.9814469351247467,3.282113221602934e-06,2.9976845206863136e-05,3.8042826014381736e-06
ae_pca_mlp,1,ensemble,train_111,3,1.0709463095675812e-05,0.0010543398491872072,0.9989181376490912,1.2604605433506472e-05,4.208433192505132e-06
ae_pca_mlp,1,ensemble,train_112,1,0.7747798604949552,0.22515715663837227,6.17001601906595e-06,1.170418503466699e-05,4.510866561872972e-05
ae_pca_mlp,1,ensemble,train_113,3,0.00013688355073473489,1.558012240717037e-06,5.7853563560190915e-06,0.999813698623293,4.2074457375539105e-05
ae_pca_mlp,1,ensemble,train_114,3,7.389554787201958e-06,0.00014492401667373685,0.5956623139868445,4.988304961655774e-06,0.40418038413673274
ae_pca_mlp,1,ensemble,train_115,3,1.1587102147889339e-05,7.340358914196353e-05,0.999740373793907,0.00016760016106847275,7.035353734501387e-06
ae_pca_mlp,1,ensemble,train_116,4,1.1482654570318019e-05,2.06461064421e-05,0.9853925905748144,0.01455870078183489,1.657988233828412e-05
ae_pca_mlp,1,ensemble,train_117,1,0.9286349615214252,0.07096277577235323,6.021588919691921e-05,0.00022764892158867652,0.00011439789543595037
ae_pca_mlp,1,ensemble,train_118,2,0.0012082729051180337,0.9987864046871745,1.1474437255389903e-06,3.265744924903452e-06,9.092190570108439e-07
ae_pca_mlp,1,ensemble,train_119,2,0.00020243774895172385,0.99977779442848,1.2263228063764303e-05,2.4817489101416875e-06,5.022845594316239e-06
ae_pca_mlp,1,ensemble,train_120,5,4.396598687887073e-06,0.00018313707656210252,0.001484776648707169,6.198142060292827e-07,0.998327069861837
ae_pca_mlp,2,ensemble,train_001,2,4.068709387994955e-06,0.9999955120261387,2.780292427288091e-08,1.1020331725972503e-07,2.81258231888135e-07
ae_pca_mlp,2,ensemble,train_002,5,1.3547153734141048e-06,0.018050866355744093,0.8679757844509339,0.000296289651766135,0.11367570482618247
ae_pca_mlp,2,ensemble,train_003,2,2.3050114847111314e-05,0.9513386851596436,0.04862862509322538,2.9244195449883435e-06,6.715212738867557e-06
ae_pca_mlp,2,ensemble,train_004,4,9.065763652872237e-05,0.0001448915543035869,0.0013737992121447859,0.9983572337225023,3.3417874520617945e-05
ae_pca_mlp,2,ensemble,train_005,5,1.799631163081187e-05,3.397264230140126e-05,0.9994932921027238,0.0002657185758071844,0.00018902036753687323
ae_pca_mlp,2,ensemble,train_006,2,6.423908698342435e-06,0.9999920977737615,7.748770112865951e-07,3.648202965765065e-07,3.386202322989458e-07
ae_pca_mlp,2,ensemble,train_007,2,0.00020770422589784827,0.02309506952235922,0.9766178643763872,4.4014717957580034e-05,3.534715739809054e-05
ae_pca_mlp,2,ensemble,train_008,5,0.0006926615926692793,0.0008351852727691999,0.08534098574828577,0.8009268677203333,0.11220429966594256
ae_pca_mlp,2,ensemble,train_009,3,0.007683739791635172,0.1093496240488736,0.7071966630610137,0.175489692410997,0.0002802806874806115
ae_pca_mlp,2,ensemble,train_010,2,0.0020099283688006417,0.9979835639684036,2.3209879066086553e-06,1.5021705871897099e-06,2.6845043020537523e-06
ae_pca_mlp,2,ensemble,train_011,3,1.198083478601814e-05,0.005182372783109537,0.9947864830810557,1.0502144591830971e-05,8.661156457021505e-06
ae_pca_mlp,2,ensemble,train_012,5,4.732628667482903e-05,0.34293832246982225,0.049989361855833817,0.0019912006583125996,0.6050337887293565
ae_pca_mlp,2,ensemble,train_013,2,1.0116863005576506e-05,0.0017576054909723023,0.9981787592592921,4.5415671214865425e-05,8.10271551523654e-06
ae_pca_mlp,2,ensemble,train_014,5,0.00017689655766853896,0.01745243661417069,9.754728544251109e-05,0.0010502865069287898,0.9812228330357895
ae_pca_mlp,2,ensemble,train_015,3,0.00010164479940218666,0.5510998087697505,0.44876367129390277,2.33214317977069e-05,1.1553705146946094e-05
ae_pca_mlp,2,ensemble,train_016,4,0.004481063777258031,4.382303514579783e-06,3.918227640825354e-05,0.0027087372322487343,0.9927666344105704
ae_pca_mlp,2,ensemble,train_017,2,0.21787847847635983,0.7821133708617773,1.0095361269212646e-06,3.7339328836132133e-07,6.767732447685322e-06
ae_pca_mlp,2,ensemble,train_018,5,0.00010227976484177283,0.00026548614350633767,0.0007547084371950983,1.0037356987429667e-05,0.9988674882974693
ae_pca_mlp,2,ensemble,train_019,3,0.00021258943387049558,0.016957000216056877,0.9827037685382356,8.775278693123325e-05,3.888902490579048e-05
ae_pca_mlp,2,ensemble,train_020,2,0.0005432274214471,0.9994447386730188,2.5432617702695584e-06,7.114575293631308e-06,2.3760684702848184e-06
ae_pca_mlp,2,ensemble,train_021,5,4.261509922871578e-05,3.580897030668922e-05,0.8338542981755652,0.0007794614200316148,0.1652878163348678
ae_pca_mlp,2,ensemble,train_022,4,0.0014689070835920185,0.8013365438493282,0.007020007889476929,0.09335122870372231,0.09682331247388064
ae_pca_mlp,2,ensemble,train_023,3,7.028895965645353e-05,3.577474527857924e-05,0.8438173011766329,0.00028174834631089734,0.1557948867721211
ae_pca_mlp,2,ensemble,train_024,5,0.00019835524838882477,0.01064388784839346,0.38414926382166964,0.0001072274505218714,0.6049012656310262
ae_pca_mlp,2,ensemble,train_025,5,3.454636293784168e-06,3.2273274625845695e-07,0.00038185750543595816,0.00019493590444700763,0.999419429221077
ae_pca_mlp,2,ensemble,train_026,3,6.379152178160508e-05,8.810913956610145e-05,0.9967782379522431,0.0030620381942495635,7.823192159508282e-06
ae_pca_mlp,2,ensemble,train_027,2,0.0003406462958108436,0.9293785800083655,0.07021005602103926,3.5987704964982026e-05,3.4729969819318466e-05
ae_pca_mlp,2,ensemble,train_028,4,8.811003567015949e-05,4.244744461280114e-05,0.7841275233664347,0.2156757407452644,6.617840801796994e-05
ae_pca_mlp,2,ensemble,train_029,2,1.2244728477676245e-05,0.9999611643320986,3.043798008092951e-06,9.279080350895074e-07,2.2619233380752855e-05
ae_pca_mlp,2,ensemble,train_030,5,1.658813026679611e-07,1.1407445514693463e-06,0.9999966461951854,6.044378927777337e-07,1.4427410676993538e-06
ae_pca_mlp,2,ensemble,train_031,4,5.7598005501040365e-05,0.00013569967276240785,0.6981882599018814,0.3015953537787783,2.308864107693159e-05
ae_pca_mlp,2,ensemble,train_032,3,5.147027667021745e-05,1.0424235167259449e-05,0.0006254598691383521,0.001815288152239232,0.997497357466785
ae_pca_mlp,2,ensemble,train_033,1,0.792956030370248,0.20641268232855545,4.023707338240974e-06,0.0006157146634631104,1.1548930395220751e-05
ae_pca_mlp,2,ensemble,train_034,2,0.00017645205372235828,0.9987539622361223,0.00014595168360920615,4.139227081086835e-05,0.000882241755735295
ae_pca_mlp,2,ensemble,train_035,2,0.0008620424066417808,0.9991294916197747,3.3426546141753063e-06,8.1392769319022e-07,4.309391276073947e-06
ae_pca_mlp,2,ensemble,train_036,2,3.106468153192894e-05,0.436135743442715,0.563815387982414,3.870798303404443e-06,1.3933095035692667e-05
ae_pca_mlp,2,ensemble,train_037,2,8.351839702244237e-05,0.9997889076435688,3.0350696837473333e-05,1.7930325830259613e-05,7.929293674092363e-05
ae_pca_mlp,2,ensemble,train_038,3,3.8898039465634854e-05,1.6067346254931947e-05,0.9988278585303523,0.0010426323448239276,7.454373910325437e-05
ae_pca_mlp,2,ensemble,train_039,3,0.00011232553660290677,0.0003106822366601963,0.9993680091539374,0.00017198216284293504,3.700090995643227e-05
ae_pca_mlp,2,ensemble,train_040,2,1.8527651370343e-05,0.9999802505030808,8.290799593117403e-07,3.870570783149061e-08,3.540598817670098e-07
ae_pca_mlp,2,ensemble,train_041,3,6.651175490516591e-07,5.5933158429710445e-06,0.9999906257357496,2.0393044757544225e-06,1.0765263826982685e-06
ae_pca_mlp,2,ensemble,train_042,2,0.0013520359099927313,9.530072720052254e-05,0.0003434121918164494,0.07772833576543986,0.9204809154055504
ae_pca_mlp,2,ensemble,train_043,4,3.485760194439172e-05,0.007521882781201986,0.9738996437160907,0.018351107170254854,0.00019250873050811942
ae_pca_mlp,2,ensemble,train_044,3,1.7151270831929595e-05,0.0014310881960205783,0.9984939874909784,4.147405690155015e-05,1.6298985267592216e-05
ae_pca_mlp,2,ensemble,train_045,3,1.539901605177524e-07,5.811056386746749e-07,0.9999922747981499,1.9611060646692515e-06,5.0289999861856385e-06
ae_pca_mlp,2,ensemble,train_046,4,2.7483871898007695e-06,0.9999701212024741,1.6293502255225645e-05,9.012162909716076e-06,1.8247451711966854e-06
ae_pca_mlp,2,ensemble,train_047,2,5.698671936263303e-05,0.8855018861719008,0.11443253906835316,2.498763421128643e-06,6.089276962281557e-06
ae_pca_mlp,2,ensemble,train_048,4,1.0440857043865406e-05,7.780444882070013e-05,5.206136367222736e-05,0.99982627520757,3.341812289329141e-05
ae_pca_mlp,2,ensemble,train_049,2,8.52755569494058e-06,0.9999905974524563,5.667238082642339e-07,6.126697226163934e-08,2.47001068202604e-07
ae_pca_mlp,2,ensemble,train_050,4,0.10469332031802088,0.4248900655886749,0.4604930881646414,0.00584855148951807,0.004074974439144648
ae_pca_mlp,2,ensemble,train_051,3,3.7272983339725976e-05,0.01350975321512914,0.9863919246932079,3.9939309317543616e-05,2.1109799005680714e-05
ae_pca_mlp,2,ensemble,train_052,3,0.00012531426207337625,5.954245840485327e-05,0.37620754515234217,0.6235992824165956,8.315710584156731e-06
ae_pca_mlp,2,ensemble,train_053,3,3.439930215503952e-05,0.06203882431989597,0.9378928029610829,2.48228729171422e-05,9.150543949017467e-06
ae_pca_mlp,2,ensemble,train_054,2,3.156736007171702e-05,0.9999139829360341,2.6613731926108057e-05,1.6643039314783718e-05,1.1192932653385827e-05
ae_pca_mlp,2,ensemble,train_055,3,0.0006414215430864282,0.0007234530889347359,0.2642015368174332,0.7342395914882193,0.00019399706232624503
ae_pca_mlp,2,ensemble,train_056,1,0.9997993671422739,0.00020011841460594273,2.0225874509147778e-10,5.024949520056157e-07,1.174590943663748e-08
ae_pca_mlp,2,ensemble,train_057,1,1.3441429622271994e-06,0.9999985141797635,4.1055441680820285e-08,1.7091188737620075e-08,8.353064390666207e-08
ae_pca_mlp,2,ensemble,train_058,1,0.9997061966420744,0.0002456365215718585,2.769978277029352e-06,4.215272138812849e-05,3.2441366887244005e-06
ae_pca_mlp,2,ensemble,train_059,2,0.4829616373691724,0.48503757813236403,6.254710463224206e-05,0.031232714628456244,0.0007055227653749645
ae_pca_mlp,2,ensemble,train_060,3,0.0006967052440626106,0.00030379859984129744,0.9989789066773862,3.1863964550589713e-06,1.7403082254793813e-05
ae_pca_mlp,2,ensemble,train_061,2,1.588168496843675e-05,0.9999799531544997,1.509886312077245e-06,4.6558557374215704e-07,2.1896886460304005e-06
ae_pca_mlp,2,ensemble,train_062,3,0.00010716528817148279,0.04779118824599908,0.9517373342509596,0.00025246212244765885,0.00011185009242223274
ae_pca_mlp,2,ensemble,train_063,2,0.012990002496038058,0.257996467309464,9.632966883464433e-05,0.7279292505726408,0.0009879499530224662
ae_pca_mlp,2,ensemble,train_064,2,1.8729106639935855e-05,0.9996646082730405,0.0003001102575158253,4.3021759626633555e-06,1.2250186840897168e-05
ae_pca_mlp,2,ensemble,train_065,3,1.875053562776504e-05,0.030099626277005125,0.9698780126460395,1.428435469484756e-06,2.182105858133309e-06
ae_pca_mlp,2,ensemble,train_066,2,0.00033044079318297025,2.541598580862155e-05,0.00014521104595445667,0.9994823909104604,1.6541264593471593e-05
ae_pca_mlp,2,ensemble,train_067,3,0.00020176913572835903,0.0021796488607077275,0.9967282092726862,0.0007457682573414168,0.0001446044735362855
ae_pca_mlp,2,ensemble,train_068,3,7.728364791248394e-05,0.9957734242604522,0.004075354431143415,2.8130069459658677e-05,4.580759103233358e-05
ae_pca_mlp,2,ensemble,train_069,2,0.00011342568194706497,0.9998843226358789,4.8059752958321544e-08,1.0175613437490439e-07,2.101866286853794e-06
ae_pca_mlp,2,ensemble,train_070,2,0.0006661688330633531,0.6617385776189179,0.3371741441417463,0.0002081953914678759,0.00021291401480462254
ae_pca_mlp,2,ensemble,train_071,4,3.818418731114799e-06,0.0001222659497216495,1.809282657631626e-05,0.9998379653609032,1.785744406774889e-05
ae_pca_mlp,2,ensemble,train_072,4,0.967610933198268,5.832524386931948e-05,9.520574943913232e-05,0.023288852826066724,0.008946682982356865
ae_pca_mlp,2,ensemble,train_073,2,0.10967525438488637,0.8780041892818284,0.00206030075074392,0.010100680155485998,0.00015957542705533054
ae_pca_mlp,2,ensemble,train_074,3,4.061935071157215e-06,0.000170039308670278,0.9998247881678985,9.461307827670652e-07,1.644575773169927e-07
ae_pca_mlp,2,ensemble,train_075,2,4.1336467182783994e-05,0.9730132186904692,0.026919024832242084,1.7102652620965756e-05,9.317357485056427e-06
ae_pca_mlp,2,ensemble,train_076,2,5.691359753508835e-06,0.9999936865187122,5.8472126761364316e-08,1.5373541548903314e-07,4.0991399201928336e-07
ae_pca_mlp,2,ensemble,train_077,3,1.164116345023493e-07,1.904182678085692e-06,0.9999781656027236,2.0481419060956795e-07,1.960898877331758e-05
ae_pca_mlp,2,ensemble,train_078,3,1.2208635459065833e-05,0.00011484113287892335,0.00048658909954452274,3.0776400573932765e-07,0.9993860533681118
ae_pca_mlp,2,ensemble,train_079,2,0.9997791408981398,0.00022051109926175903,4.269839709077061e-09,3.106257896895626e-07,3.310696898677342e-08
ae_pca_mlp,2,ensemble,train_080,1,0.09389787633600181,0.7645405187377927,0.14054758849219762,6.364572739212278e-05,0.0009503707066157417
ae_pca_mlp,2,ensemble,train_081,3,1.0288872106533972e-05,0.0005178536053114285,0.9994537941245333,7.71314985259771e-06,1.0350248196068187e-05
ae_pca_mlp,2,ensemble,train_082,3,0.00022159653825099403,0.9801967925698365,0.0005125777960962673,0.0018099985820301018,0.01725903451378622
ae_pca_mlp,2,ensemble,train_083,1,0.0011726526513397397,0.9459370669586054,0.031104185421468165,0.02071531502092592,0.0010707799476608734
ae_pca_mlp,2,ensemble,train_084,5,2.360676071657889e-06,5.109390874774261e-06,0.9992374647524026,6.56877836863697e-05,0.0006893773969646372
ae_pca_mlp,2,ensemble,train_085,3,0.0001177750340999294,0.0005423758262877834,0.00227716503957684,3.384245501438691e-05,0.997028841645021
ae_pca_mlp,2,ensemble,train_086,2,2.184113068408298e-06,0.9989786789997428,0.0010188419159006166,1.4924182709161567e-08,2.800471053300136e-07
ae_pca_mlp,2,ensemble,train_087,3,1.0902875425949734e-05,0.00032892581880535673,5.90607371247237e-05,0.9994784842301,0.0001226263385440467
ae_pca_mlp,2,ensemble,train_088,2,0.04079048564475185,0.0002526968178867754,0.8086111828056083,0.0006794085907190818,0.1496662261410339
ae_pca_mlp,2,ensemble,train_089,2,0.0015428632041188503,0.3607954012396324,0.02863835148186834,0.6084026935438454,0.000620690530535082
ae_pca_mlp,2,ensemble,train_090,4,4.2649986667021975e-05,0.00011314230040308345,0.9377974558308099,3.8721161437587234e-05,0.06200803072068254
ae_pca_mlp,2,ensemble,train_091,2,1.7658072552582663e-06,3.457057576112002e-05,0.9999577709652062,4.5674930173256286e-06,1.325158760097128e-06
ae_pca_mlp,2,ensemble,train_092,2,2.950544096084991e-07,0.9999865476211632,1.3070361662193586e-05,2.0379945875154756e-08,6.658281918536562e-08
ae_pca_mlp,2,ensemble,train_093,3,0.00019508354864040045,0.46143329562947244,0.5235903097711565,0.001397544932825268,0.013383766117905552
ae_pca_mlp,2,ensemble,train_094,3,8.616475958900393e-05,0.001161221752361718,0.9986946876105185,1.4778320654971064e-05,4.314755687578417e-05
ae_pca_mlp,2,ensemble,train_095,3,8.306907401339339e-07,2.3651025557958176e-06,0.9997903123781882,2.0558679542988634e-05,0.00018593314897296393
ae_pca_mlp,2,ensemble,train_096,2,4.414984336462528e-06,0.9999700581118507,1.8571596920847068e-06,1.1126768466744855e-05,1.2542975654019882e-05
ae_pca_mlp,2,ensemble,train_097,3,0.00015156815528610953,0.6532947404324361,0.34608374305833123,4.342313237687447e-06,0.0004656060407088688
ae_pca_mlp,2,ensemble,train_098,1,1.588577563251711e-05,0.0006016701672897184,0.9915278231335459,0.007819609523135537,3.501140039623608e-05
ae_pca_mlp,2,ensemble,train_099,3,3.5991971509249755e-06,4.835204826668876e-05,0.9997111094663768,0.00023215296364015152,4.786324565392451e-06
ae_pca_mlp,2,ensemble,train_100,5,5.380010659821777e-05,0.00016719842585808325,0.003359027554868543,9.873501756384572e-05,0.9963212388951115
ae_pca_mlp,2,ensemble,train_101,2,0.004189019161699481,0.1297998619938636,0.8616083214011151,0.003344587846032073,0.0010582095972896989
ae_pca_mlp,2,ensemble,train_102,2,0.015529107613641246,0.9842378426155145,2.8923379918880604e-05,0.00018520094146271115,1.8925449462765643e-05
ae_pca_mlp,2,ensemble,train_103,3,8.348589792334163e-06,7.215751915379842e-06,0.9996043960345871,0.00036797018882423046,1.2069434880882328e-05
ae_pca_mlp,2,ensemble,train_104,1,0.6966193065484306,0.015831126019560722,0.2727350267817815,0.013335191388028857,0.0014793492621982456
ae_pca_mlp,2,ensemble,train_105,4,0.009553254072295885,0.1819440287545881,0.013349650824678927,0.0005426042207259331,0.794610462127711
ae_pca_mlp,2,ensemble,train_106,1,0.999900889807422,7.602526474089326e-05,5.686004956401114e-06,1.6249321797167865e-05,1.1496010835810762e-06
ae_pca_mlp,2,ensemble,train_107,3,6.403348456682274e-06,0.00118480330518429,0.9987997349576787,4.695214900115211e-06,4.363173780292252e-06
ae_pca_mlp,2,ensemble,train_108,1,0.6479598627555359,0.3517198397141152,4.2149294534010436e-07,0.00031629007943134084,3.585957972193883e-06
ae_pca_mlp,2,ensemble,train_109,3,2.557451674341395e-07,9.024195214231785e-06,0.9999895947958817,9.53986524852005e-07,1.7127721185253112e-07
ae_pca_mlp,2,ensemble,train_110,1,0.00019588131176700424,0.9998030630930279,4.258031891747098e-08,2.957306375932584e-07,7.172842487487377e-07
ae_pca_mlp,2,ensemble,train_111,3,0.00011035829437105409,0.09376688371953323,0.9060821084834854,2.1623655317791035e-05,1.902584729249644e-05
ae_pca_mlp,2,ensemble,train_112,1,0.044060372498184876,0.9558725810044518,1.5714832920403404e-05,2.5207598099711286e-05,2.612406634316364e-05
ae_pca_mlp,2,ensemble,train_113,3,1.358594546145571e-05,0.00017798078082337208,1.0501163986899367e-05,0.9996891940518454,0.00010873805788290798
ae_pca_mlp,2,ensemble,train_114,3,1.7066405977964832e-06,5.092755432808763e-07,0.9992038072043513,0.00017781635009644656,0.0006161605294111208
ae_pca_mlp,2,ensemble,train_115,3,0.0011833658218407181,0.000714333298291644,0.8069703649882973,0.19030816224187488,0.0008237736496954627
ae_pca_mlp,2,ensemble,train_116,4,4.3783238641531944e-07,5.258923104402707e-06,0.9991479929748714,0.0008441437814535654,2.1664881841177328e-06
ae_pca_mlp,2,ensemble,train_117,1,0.4288433100317707,0.5709789635475777,1.3990904617113775e-05,0.00010065698247644562,6.307853355804664e-05
ae_pca_mlp,2,ensemble,train_118,2,0.0002863508800656742,0.9996977730897415,2.3588788194515904e-06,1.4209043681889764e-06,1.2096247005242036e-05
ae_pca_mlp,2,ensemble,train_119,2,0.0007085620107354,0.9989840041262501,0.0002640405605723405,2.6338073063243617e-05,1.705522937897344e-05
ae_pca_mlp,2,ensemble,train_120,5,4.062720512903461e-06,7.570671489924981e-05,5.831269451210019e-05,1.658759472612969e-05,0.9998453302753496
ae_pca_mlp,3,ensemble,train_001,2,0.00591176776356825,0.994087082090079,3.0956770390141506e-08,6.448161762461923e-07,4.7437340607533516e-07
ae_pca_mlp,3,ensemble,train_002,5,2.4378808988792296e-05,5.5808955523600597e-05,0.12680974502607764,0.8673937193989381,0.005716347810471851
ae_pca_mlp,3,ensemble,train_003,2,2.7608651508218818e-05,0.0007188996937667329,0.9992240999432384,7.922201101656215e-06,2.1469510385018808e-05
ae_pca_mlp,3,ensemble,train_004,4,2.3733483129215692e-05,2.2088814199729835e-06,0.0007059087602335446,0.9992640986077688,4.050267448603376e-06
ae_pca_mlp,3,ensemble,train_005,5,1.5979776098004718e-07,1.189595181669269e-05,0.9999374088688023,2.900379490581626e-05,2.1531586714139404e-05
ae_pca_mlp,3,ensemble,train_006,2,0.0007283207250447551,0.9992685598986438,3.700612033657438e-07,1.402574220324694e-06,1.3467408877149953e-06
ae_pca_mlp,3,ensemble,train_007,2,9.009548771791292e-06,0.0023306102927614274,0.9976582677722199,8.502621853717051e-07,1.2621240616801216e-06
ae_pca_mlp,3,ensemble,train_008,5,9.297691511555783e-05,5.148191288546545e-05,0.027087068405693148,0.6982545983048828,0.27451387446142306
ae_pca_mlp,3,ensemble,train_009,3,0.7678232038719026,0.09745227914275237,0.07892228103564224,0.05546014561142974,0.00034209033827287165
ae_pca_mlp,3,ensemble,train_010,2,0.0005810649091248182,0.9993751724621213,3.657741250440796e-05,4.330047510782234e-06,2.855168738570062e-06
ae_pca_mlp,3,ensemble,train_011,3,6.433626047204647e-06,7.917551114285759e-05,0.9999077620452064,2.261420166650316e-06,4.367397436787479e-06
ae_pca_mlp,3,ensemble,train_012,5,0.2222240195771053,0.38123122353423855,0.006132800630466102,0.002354892731496248,0.3880570635266938
ae_pca_mlp,3,ensemble,train_013,2,1.412410717246957e-05,0.0014106040362574163,0.9985353842772504,2.6333137125757303e-05,1.3554442193972083e-05
ae_pca_mlp,3,ensemble,train_014,5,4.074535922209915e-05,0.08507750741603644,9.392890243253184e-06,0.0025256315218649544,0.9123467228126332
ae_pca_mlp,3,ensemble,train_015,3,0.0006979892417545213,0.46400867784275335,0.5349940656435176,0.0001256793704696114,0.00017358790150488138
ae_pca_mlp,3,ensemble,train_016,4,0.0025472173222177473,0.0006267655638004978,4.169412886021403e-05,0.00014825439534096242,0.9966360685897806
ae_pca_mlp,3,ensemble,train_017,2,0.9175299308189028,0.08214778114889619,0.00023632526090426066,1.9096976315624735e-05,6.686579498134734e-05
ae_pca_mlp,3,ensemble,train_018,5,2.8665892705012408e-05,1.4441966869984538e-06,0.00018600449316395846,7.497367615002973e-05,0.9997089117412941
ae_pca_mlp,3,ensemble,train_019,3,0.00036534851289041773,0.6012432145449556,0.3980084545440251,0.0001494815454065953,0.00023350085272228648
ae_pca_mlp,3,ensemble,train_020,2,0.015036939277063057,0.9848651837032669,1.958639579632418e-05,5.8428725270571665e-05,1.9861898603222877e-05
ae_pca_mlp,3,ensemble,train_021,5,1.7709738241946977e-06,8.966472855644341e-06,0.0017100050074850427,1.4397891656863156e-05,0.9982648596541782
ae_pca_mlp,3,ensemble,train_022,4,0.9673154662439469,0.003279242317239083,1.1454618457322519e-05,0.026816203756475192,0.0025776330638815114
ae_pca_mlp,3,ensemble,train_023,3,2.517112035202749e-07,2.7213425965468026e-06,0.9998845246962297,0.00011183313158715189,6.691183830413345e-07
ae_pca_mlp,3,ensemble,train_024,5,0.0004762471925542551,0.9988267499168153,2.2452773503938677e-05,7.680180663109178e-07,0.0006737820990603634
ae_pca_mlp,3,ensemble,train_025,5,8.236594241110463e-06,0.0002586433733249412,0.002191823303136582,0.0003850523015439537,0.9971562444277533
ae_pca_mlp,3,ensemble,train_026,3,3.710050823712474e-07,5.67930201279828e-07,0.9999951975387706,3.67698075266739e-06,1.86545192969519e-07
ae_pca_mlp,3,ensemble,train_027,2,7.670678374897881e-06,0.9995545979191345,0.0004308761322069387,1.694525777276981e-06,5.1607445064563135e-06
ae_pca_mlp,3,ensemble,train_028,4,9.777579117118384e-05,1.6984040556589004e-05,0.20505648845872163,0.7947923635850412,3.638812450937967e-05
ae_pca_mlp,3,ensemble,train_029,2,0.0004194993563331745,0.9995762141704844,8.652758881853981e-07,1.0274333285888417e-06,2.3937639658802022e-06
ae_pca_mlp,3,ensemble,train_030,5,1.7127523430179583e-06,1.4948326476240234e-06,0.9997971072824174,7.815264022703533e-06,0.0001918698685692799
ae_pca_mlp,3,ensemble,train_031,4,2.319876579128335e-05,4.488375169262405e-06,0.9899100931332414,0.010059402545866743,2.817179931388454e-06
ae_pca_mlp,3,ensemble,train_032,3,2.0854704144409525e-06,6.460882111413972e-05,0.0030890182816985913,4.201724929914243e-06,0.9968400857018429
ae_pca_mlp,3,ensemble,train_033,1,0.01988764234908602,0.9800384079569245,6.819912534303128e-07,6.413274229046998e-05,9.134960445465232e-06
ae_pca_mlp,3,ensemble,train_034,2,3.602308504783964e-05,0.9618786941892219,0.03544396634226628,6.941842363278655e-06,0.002634374541100817
ae_pca_mlp,3,ensemble,train_035,2,0.6932412813078819,0.15150195438972625,0.15177342025910642,0.000524060783661714,0.0029592832596237696
ae_pca_mlp,3,ensemble,train_036,2,8.511120307834318e-05,0.048231963341247554,0.9515192520734267,4.130898937217026e-05,0.0001223643928753783
ae_pca_mlp,3,ensemble,train_037,2,0.0007337541412532198,0.9992190620972982,1.3354169881947712e-05,2.006820231639608e-06,3.182277133499235e-05
ae_pca_mlp,3,ensemble,train_038,3,6.72318851521795e-06,2.285100494592592e-06,0.9997387850146982,6.473972841881812e-05,0.00018746696787321746
ae_pca_mlp,3,ensemble,train_039,3,0.0031656716722255583,0.114190818032056,0.68894985173905,0.041617083233518565,0.15207657532314986
ae_pca_mlp,3,ensemble,train_040,2,0.00022329816933673707,0.9997759846367147,1.413766582035052e-07,1.6305620090150655e-07,4.1276108935954323e-07
ae_pca_mlp,3,ensemble,train_041,3,1.019156337831817e-07,1.1421000603538506e-06,0.9999984850606951,2.162156918232168e-07,5.4707918958761804e-08
ae_pca_mlp,3,ensemble,train_042,2,0.00011725164462852107,5.08444503151014e-06,0.00016315171974625112,0.15368910125692173,0.846025410933672
ae_pca_mlp,3,ensemble,train_043,4,5.6840354870914356e-05,0.00010608794756582947,0.9616950421937371,0.0010740097530823147,0.037068019750743794
ae_pca_mlp,3,ensemble,train_044,3,7.276188058668595e-08,3.454935640466771e-05,0.9999646690429221,5.529074852258109e-07,1.5593130735110058e-07
ae_pca_mlp,3,ensemble,train_045,3,2.8683627723606605e-09,6.269422456936866e-08,0.9999985287258414,1.3812997060586551e-06,2.4411865181310083e-08
ae_pca_mlp,3,ensemble,train_046,4,4.33970092912274e-05,0.9999418437976844,5.953969587702374e-06,1.1063804561521497e-06,7.698842980414856e-06
ae_pca_mlp,3,ensemble,train_047,2,9.487221080149487e-05,0.9946791778721423,0.005184132723284509,1.3063671291049852e-05,2.8753522480763292e-05
ae_pca_mlp,3,ensemble,train_048,4,9.982800093370346e-06,1.218130610842993e-05,0.027847567098596208,0.9721246568524816,5.611942720426679e-06
ae_pca_mlp,3,ensemble,train_049,2,0.0938549116010884,0.9058724508958417,0.00012288527622169218,8.42627318656759e-05,6.548949498270545e-05
ae_pca_mlp,3,ensemble,train_050,4,1.5799882832190912e-07,1.9764089449943613e-06,0.999994885006272,2.8742864348127775e-06,1.0629951997128586e-07
ae_pca_mlp,3,ensemble,train_051,3,0.00011159426086499596,0.029231526610044578,0.9705617878061492,3.4444589256623047e-05,6.064673368453351e-05
ae_pca_mlp,3,ensemble,train_052,3,0.00029762158897003016,6.561709010363237e-05,0.020504694513191046,0.9791214841191127,1.0582688622612191e-05
ae_pca_mlp,3,ensemble,train_053,3,3.905533592669339e-05,0.7325916066436633,0.2673546566775874,5.276864404335414e-06,9.404478418444777e-06
ae_pca_mlp,3,ensemble,train_054,2,2.7679606525047038e-05,0.2730675213426041,0.7267643053173614,0.00012648971685216175,1.4004016657332028e-05
ae_pca_mlp,3,ensemble,train_055,3,7.269436639778258e-06,4.054944319292604e-06,0.9995321688446162,0.0004547694794299265,1.7372949948813405e-06
ae_pca_mlp,3,ensemble,train_056,1,0.999639856832649,0.00035038524324621596,1.5987918640301964e-07,8.691018040430232e-06,9.070268780505724e-07
ae_pca_mlp,3,ensemble,train_057,1,2.1353849344225793e-06,0.9999960925877127,2.0711592052355682e-07,2.514665269842974e-07,1.3134449054190388e-06
ae_pca_mlp,3,ensemble,train_058,1,0.9983261706369605,0.0014879882390062564,1.621644658286802e-05,0.00015437161116769422,1.5253066282517253e-05
ae_pca_mlp,3,ensemble,train_059,2,0.9485333361176155,0.051345532331072745,5.1695832633005565e-06,0.00010681930057258864,9.14266747600882e-06
ae_pca_mlp,3,ensemble,train_060,3,0.888269077961066,0.10324250798265022,0.006995555811014409,0.0011706813977298185,0.00032217684753950025
ae_pca_mlp,3,ensemble,train_061,2,0.0024685857931090235,0.9975054541484346,1.0246861304455613e-05,4.945933354399031e-06,1.0767263797693939e-05
ae_pca_mlp,3,ensemble,train_062,3,9.637863608302659e-06,0.1136732873327174,0.8862888726685547,2.0183375143010287e-05,8.018759976591386e-06
ae_pca_mlp,3,ensemble,train_063,2,0.19616954835802144,0.7656621884143451,0.0034744689008426328,0.03411566922249478,0.0005781251042961143
ae_pca_mlp,3,ensemble,train_064,2,3.3401917194760165e-05,0.9533239826238504,0.04662441104244026,4.1911349481496814e-06,1.4013281566223248e-05
ae_pca_mlp,3,ensemble,train_065,3,3.4365450823414533e-06,0.012973728577041595,0.9870084784738838,1.1226642820256013e-05,3.1297611719761842e-06
ae_pca_mlp,3,ensemble,train_066,2,0.7527386728065857,0.028530516377779022,0.0006053933199716154,0.21734285833711042,0.0007825591585532584
ae_pca_mlp,3,ensemble,train_067,3,3.6469782954934935e-05,0.00034964333260574103,0.9988522429447753,0.0007051731201382252,5.647081952591862e-05
ae_pca_mlp,3,ensemble,train_068,3,5.8836047894871815e-05,0.9980050639558703,0.0018930158909078744,1.3488970649004546e-05,2.9595134677957138e-05
ae_pca_mlp,3,ensemble,train_069,2,0.9998773603665536,7.770047402957284e-05,4.049115550976514e-06,2.6482279690137368e-05,1.4407764175736615e-05
ae_pca_mlp,3,ensemble,train_070,2,0.00023882038398544567,0.1134944250632725,0.8860123698795368,7.263782144706894e-05,0.00018174685175820167
ae_pca_mlp,3,ensemble,train_071,4,0.0004744343656485901,0.0008588120854974301,0.8238771288516374,0.17421923101220255,0.0005703936850139803
ae_pca_mlp,3,ensemble,train_072,4,0.7679585422507985,0.21614849810862535,0.005175552884250983,0.009268324798455815,0.0014490819578693362
ae_pca_mlp,3,ensemble,train_073,2,4.638145778605681e-05,0.9999421676255684,2.712447768264511e-06,3.415562135204358e-06,5.322906742025895e-06
ae_pca_mlp,3,ensemble,train_074,3,1.9861100872378672e-05,0.0016426561500927134,0.998320012138263,7.484489505704818e-06,9.986121266225245e-06
ae_pca_mlp,3,ensemble,train_075,2,1.726454923195092e-05,0.9997459576073429,0.0002330022667470551,6.610376813374508e-07,3.1145389968537935e-06
ae_pca_mlp,3,ensemble,train_076,2,1.30680489787138e-05,0.9999848159413336,1.4696067455656822e-06,1.9728870066792353e-07,4.491142414429356e-07
ae_pca_mlp,3,ensemble,train_077,3,1.592417957879151e-08,4.0738287242679685e-07,0.9999979858992445,1.1361071651949295e-06,4.5468653834324384e-07
ae_pca_mlp,3,ensemble,train_078,3,0.0009249606271463573,0.00021044095700435353,0.24913194671407068,9.041900417715466e-05,0.7496422326976016
ae_pca_mlp,3,ensemble,train_079,2,0.9570549354953317,0.04292974629409179,1.2894384045665522e-06,1.171525663072004e-05,2.313515541329404e-06
ae_pca_mlp,3,ensemble,train_080,1,0.9698985280400918,0.029829045129104583,0.00012659240488758952,0.0001042609863267139,4.157343958933926e-05
ae_pca_mlp,3,ensemble,train_081,3,2.2892348701413214e-05,0.0008541142507475502,0.9991074555106897,5.716401126686724e-06,9.82148873469227e-06
ae_pca_mlp,3,ensemble,train_082,3,2.1636637663987708e-05,0.9993757191168262,4.679042620875378e-06,0.00013909238808094764,0.0004588728148078639
ae_pca_mlp,3,ensemble,train_083,1,0.00012438129689766716,0.0009099711117072536,0.9988658881945758,5.074019088414646e-05,4.901920593506843e-05
ae_pca_mlp,3,ensemble,train_084,5,2.8678408362386765e-05,0.0002533188265503031,0.9028662258918814,0.0002721722283836564,0.0965796046448223
ae_pca_mlp,3,ensemble,train_085,3,7.393950557875422e-05,0.0005873576005663169,0.14936554767742094,6.339834539524945e-05,0.8499097568710388
ae_pca_mlp,3,ensemble,train_086,2,0.017258847337443536,0.9827355724881853,2.9898012804814854e-06,4.6746284961020935e-07,2.122910241095418e-06
ae_pca_mlp,3,ensemble,train_087,3,6.969613533985894e-05,0.00014865264987117292,0.3720887807548934,0.6274284089673765,0.00026446149251902634
ae_pca_mlp,3,ensemble,train_088,2,2.23125597104303e-06,1.1628782170992585e-06,0.9999907033289497,2.0839131820673254e-06,3.818623680083977e-06
ae_pca_mlp,3,ensemble,train_089,2,0.6856454575837548,0.00025476763208564314,0.08275827723728366,0.2308289189940616,0.0005125785528143536
ae_pca_mlp,3,ensemble,train_090,4,4.1403597619570064e-07,1.3540588045328754e-08,0.9999854434764623,1.40547363115905e-05,7.421066175433843e-08
ae_pca_mlp,3,ensemble,train_091,2,1.9110644501322054e-05,0.002590135124565007,0.9973719459896907,1.2579789157178408e-05,6.228452085761126e-06
ae_pca_mlp,3,ensemble,train_092,2,1.6486910826441137e-06,2.7421123271679877e-06,0.9999869585571385,5.071579785990315e-06,3.5790596657028703e-06
ae_pca_mlp,3,ensemble,train_093,3,4.1451897503513044e-05,0.1845493027253582,0.8113490942744652,0.00010219663289515,0.003957954469777942
ae_pca_mlp,3,ensemble,train_094,3,7.002867221189203e-05,0.05730956598802687,0.9425439896995846,1.0350191892736922e-05,6.606544828372973e-05
ae_pca_mlp,3,ensemble,train_095,3,1.587864640808541e-06,2.884206405247107e-06,0.9998703743064932,1.6565999884815236e-05,0.00010858762257588133
ae_pca_mlp,3,ensemble,train_096,2,0.0017943486487426092,0.13330015313605917,0.8578501647507881,0.006496511516861828,0.0005588219475483355
ae_pca_mlp,3,ensemble,train_097,3,0.15591951284288688,0.8380395451560758,0.0033149806568081577,5.642226544995776e-05,0.002669539078779192
ae_pca_mlp,3,ensemble,train_098,1,6.664961522169983e-05,0.00046151429591854607,0.30361830550576846,0.6957675777620647,8.595282102669108e-05
ae_pca_mlp,3,ensemble,train_099,3,5.551506541628844e-05,0.0002704521769486761,0.9919493228398024,0.007711001126899873,1.3708790932627266e-05
ae_pca_mlp,3,ensemble,train_100,5,9.379695541674115e-06,5.6084912513600544e-05,0.0013359725110698329,7.3495664964659015e-06,0.9985912133143785
ae_pca_mlp,3,ensemble,train_101,2,0.00017796333461152979,0.9964553302526625,0.003343843853311557,4.736338440769409e-06,1.812622097362222e-05
ae_pca_mlp,3,ensemble,train_102,2,0.39303362306764233,0.6057628531203565,7.457286887007078e-05,0.0009900822562997236,0.0001388686868313448
ae_pca_mlp,3,ensemble,train_103,3,2.9022027188792684e-07,4.976756498021796e-07,0.999871520868586,0.00012688558324093393,8.056522514699329e-07
ae_pca_mlp,3,ensemble,train_104,1,0.9999709393406696,5.976559528443884e-06,1.1493558973155108e-06,2.024918034314425e-05,1.6855635614445274e-06
ae_pca_mlp,3,ensemble,train_105,4,0.1012099593673252,0.18170139032354965,0.004533250085948225,0.6405882474042041,0.07196715281897278
ae_pca_mlp,3,ensemble,train_106,1,0.9975242829691248,0.002470026272930731,5.546501254282178e-07,3.274154792514217e-06,1.8619530265468171e-06
ae_pca_mlp,3,ensemble,train_107,3,1.4994657127495607e-07,8.14272932983429e-05,0.9999181499064587,9.131168152080946e-08,1.815419901225497e-07
ae_pca_mlp,3,ensemble,train_108,1,0.01275445190994752,0.9827956197652056,7.208312467956424e-06,0.004442216119991686,5.038923872336629e-07
ae_pca_mlp,3,ensemble,train_109,3,1.381712174042875e-07,2.097646267965584e-06,0.999997563864722,1.3683808161188546e-07,6.347971096719046e-08
ae_pca_mlp,3,ensemble,train_110,1,0.00022301214639939768,0.9997754308149143,5.5358677472247046e-08,4.1238824651737534e-07,1.089291762259162e-06
ae_pca_mlp,3,ensemble,train_111,3,7.0345867398886365e-06,0.11504532260339365,0.8849392529817129,3.2020825902629164e-06,5.18774556332156e-06
ae_pca_mlp,3,ensemble,train_112,1,0.9914868555655713,0.008495837084212286,1.4023536849005091e-06,8.935921374658544e-06,6.969075156958695e-06
ae_pca_mlp,3,ensemble,train_113,3,1.4688597090760624e-05,0.00019616464485471477,3.4296297652620682e-06,0.999752209372882,3.350775540730606e-05
ae_pca_mlp,3,ensemble,train_114,3,2.0774460564721582e-07,8.325419446570235e-07,0.9999223725912489,5.3435033574034706e-06,7.12436188432456e-05
ae_pca_mlp,3,ensemble,train_115,3,3.891289685204681e-06,9.446080138784403e-06,0.9999657119990844,1.9525095705828906e-05,1.4255353859090695e-06
ae_pca_mlp,3,ensemble,train_116,4,1.2535621830081016e-05,4.303307017548875e-05,0.9529000533884545,0.047015856439996284,2.852147954361809e-05
ae_pca_mlp,3,ensemble,train_117,1,0.9997590109608032,0.00023961094886809783,1.0975986798052086e-07,1.0225300314265473e-06,2.4580042926936777e-07
ae_pca_mlp,3,ensemble,train_118,2,0.002332263944228412,0.9976623658385416,7.08226264265335e-07,2.4694039583879985e-06,2.192587007231954e-06
ae_pca_mlp,3,ensemble,train_119,2,0.00016015888901546642,0.9824934148547082,0.01730908875207014,2.614467751221348e-05,1.1192826693975215e-05
ae_pca_mlp,3,ensemble,train_120,5,4.329486926576674e-06,2.548372134022758e-05,0.010245025822286681,0.0003199039231291487,0.9894052570463173
